symbol,t_index,future_return,label,last_price,short_sma,long_sma,volatility,momentum,n_obs
BBCA.JK,20,-0.0008865360637375641,0,94.638,95.47644,96.361515,0.008259331237397798,-0.013207903262301035,21
BBCA.JK,21,0.004710009998367459,0,93.7153,95.03856000000002,96.10897,0.008293692099398536,-0.02520226091189559,22
BBCA.JK,22,0.0049750351743529375,0,94.8134,94.7736,95.92755000000001,0.008856015509174298,-0.01005673619652403,23
BBCA.JK,23,-0.008247045001873898,0,94.9916,94.6166,95.74120500000001,0.008833876309003775,0.0007047691485988494,24
BBCA.JK,24,-0.001444342479776095,0,94.3682,94.5053,95.57228,0.008714157913008235,-0.002850863289587724,25
BBCA.JK,25,-0.010325305830207299,0,94.5541,94.48852000000001,95.40716,0.00872990606539731,0.008950512883168615,26
BBCA.JK,26,-0.016058336793876582,0,94.1567,94.5768,95.27102500000002,0.008543740156824176,-0.006926236164930266,27
BBCA.JK,27,-0.03886231950220975,0,95.2851,94.67114000000001,95.12663,0.008430144453585182,0.003089746882882327,28
BBCA.JK,28,-0.021297509134024395,0,94.2082,94.51446000000001,94.99080000000001,0.008340982728681527,-0.0016954864032586725,29
BBCA.JK,29,-0.009898983253017302,0,94.2319,94.4872,94.89062,0.008242032447754009,-0.0034075730190442632,30
BBCA.JK,30,0.006065541186050627,0,93.5778,94.29194,94.81688,0.007953536908530554,-0.006148261355803708,31
BBCA.JK,31,0.00985161590463357,0,92.6447,93.98954,94.63329000000002,0.007502750587156703,-0.02771052347114078,32
BBCA.JK,32,0.021398286346349327,1,91.5821,93.24893999999999,94.45097000000001,0.0075136887322546355,-0.027875492791498035,33
BBCA.JK,33,0.010075725202761676,0,92.2018,92.84765999999999,94.340365,0.007579190160930847,-0.021543659843428764,34
BBCA.JK,34,-0.004045055096994488,0,93.2991,92.6611,94.286425,0.008096997191424062,-0.002978270487230983,35
BBCA.JK,35,-0.024814807733569477,0,94.1454,92.77462,94.25788,0.00832193303739738,0.01619844416356253,36
BBCA.JK,36,-0.027882348162732162,0,93.5574,92.95716,94.140515,0.007870692837057214,0.021568625309967837,37
BBCA.JK,37,-0.01704051023178932,0,93.5418,93.34909999999999,94.010695,0.00783082491609102,0.014533338828526032,38
BBCA.JK,38,-0.014236965644018884,0,93.1308,93.5349,93.87840499999999,0.007841819617794265,-0.0018038759216326694,39
BBCA.JK,39,-0.021879711628177367,0,92.9217,93.45942,93.77825499999999,0.007654423286552111,-0.012997979720729802,40
BBCA.JK,40,-0.006949194634089051,0,91.8092,92.99218,93.63681499999998,0.008010793484091484,-0.018685854886946407,41
BBCA.JK,41,0.013139260770895111,0,90.9488,92.47046,93.49848999999999,0.007991684408825167,-0.027720227748450288,42
BBCA.JK,42,0.016398434764072656,0,91.9478,92.15166000000002,93.35520999999999,0.00793259125493066,-0.012702564565106211,43
BBCA.JK,43,0.01907523454630411,0,91.8049,91.88648,93.195875,0.00789461785606654,-0.012018721138334687,44
BBCA.JK,44,0.03546099290780136,1,90.8886,91.47986,93.021895,0.008034378781675424,-0.010027317523734092,45
BBCA.JK,45,0.0366541188445475,1,91.1712,91.35226,92.85275,0.008065203079709619,0.002445331879035173,46
BBCA.JK,46,0.03983447611233748,1,92.1438,91.59126,92.752105,0.008482907254794116,0.0021316442590251228,47
BBCA.JK,47,0.03714491159438271,1,93.4556,91.89282,92.66063,0.008668034493379419,0.017980521736857158,48
BBCA.JK,48,0.040034802647823,1,93.5561,92.24306,92.62802500000001,0.008341210272573176,0.02934911529058648,49
BBCA.JK,49,0.022164111544166865,1,94.1116,92.88766000000001,92.62201,0.008451759560868218,0.03225141272682608,50
BBCA.JK,50,0.007851829906996954,0,94.513,93.55602000000002,92.66877,0.008345674866082944,0.025711984962634604,51
BBCA.JK,51,-0.010178021443563279,0,95.8143,94.29012,92.82724999999999,0.008454889550252795,0.025238722987172446,52
BBCA.JK,52,-0.03592291105677481,0,96.927,94.98440000000001,93.09449499999998,0.008145579717946516,0.03603078794434578,53
BBCA.JK,53,-0.03570033791838978,0,97.3016,95.7335,93.34948499999999,0.008100658482255562,0.033895927813361926,54
BBCA.JK,54,-0.021814496218716672,0,96.1975,96.15068,93.494405,0.008364698257143694,0.017822944991694234,55
BBCA.JK,55,0.0011967863138038215,0,95.2551,96.2991,93.54989,0.008527426969488315,-0.00583628957264215,56
BBCA.JK,56,-0.005745520571156848,0,94.8391,96.10406,93.61397500000001,0.008461352934099274,-0.021540953501088533,57
BBCA.JK,57,0.00028358897363256474,0,93.4451,95.40768,93.60914,0.009105411986934412,-0.039634497274453784,58
BBCA.JK,58,0.006035518220060432,0,93.8279,94.71294,93.64399499999999,0.009089051306583305,-0.024632656773824757,59
BBCA.JK,59,0.0006142466976268857,0,94.099,94.29324,93.70286,0.009082819333544089,-0.012136882959547513,60
BBCA.JK,60,-0.005211331552882448,0,95.3691,94.31604,93.880855,0.009006052632371218,0.005588412374221141,61
BBCA.JK,61,0.01572419088342647,0,94.2942,94.20706,94.048125,0.009133982892741123,0.009086618774018174,62
BBCA.JK,62,0.027139794333252087,1,93.4716,94.21235999999999,94.124315,0.009158394639332393,-0.003797377965402693,63
BBCA.JK,63,0.019149481641880683,0,94.3942,94.32561999999999,94.25377999999999,0.009344150296343326,0.0031371215422055787,64
BBCA.JK,64,0.021573587887438794,1,94.1568,94.33718000000002,94.41719,0.009024271219618154,-0.012711664469938322,65
BBCA.JK,65,0.025190756818917137,1,94.8721,94.23778000000001,94.602235,0.009109211962995124,0.006128690842066575,66
BBCA.JK,66,0.007478838843186564,0,95.7769,94.53432000000001,94.78389000000001,0.009058811195943898,0.024663106226918252,67
BBCA.JK,67,-0.007682661100487098,0,96.0084,95.04168,94.91153,0.008614358664924363,0.01710062694529957,68
BBCA.JK,68,-0.014654611452176614,0,96.2018,95.4032,95.04381500000001,0.008615099422119188,0.021719089858618812,69
BBCA.JK,69,-0.016345057236810012,0,96.1881,95.80946,95.14764,0.008557844756836793,0.013871306738229672,70
BBCA.JK,70,-0.030478501367440458,0,97.262,96.28744,95.28509,0.008812602021410772,0.015505826561519553,71
BBCA.JK,71,-0.03465632811431274,0,96.4932,96.4307,95.31903500000001,0.00856308655509557,0.005049558163660706,72
BBCA.JK,72,-0.013636917082673783,0,95.2708,96.28318,95.236225,0.008606971743823013,-0.009677573600494038,73
BBCA.JK,73,-0.011091653304076354,0,94.792,96.00122000000002,95.11074499999998,0.008582865716766704,-0.014514269436655902,74
BBCA.JK,74,-0.006750451034128524,0,94.6159,95.68678,95.031665,0.008269166442489666,-0.02720589747280544,75
BBCA.JK,75,0.0031665705171710634,0,94.2976,95.0939,94.98379,0.008034544730230382,-0.022753934992310376,76
BBCA.JK,76,0.01041019183223435,0,93.1491,94.42508000000001,94.89929000000001,0.00839615608618618,-0.022270202412491447,77
BBCA.JK,77,-0.005138786612125412,0,93.9716,94.16524,94.92561500000002,0.008014906721220958,-0.00865473879652301,78
BBCA.JK,78,0.011803850199380017,0,93.7406,93.95495999999999,94.92125000000001,0.007987465231737618,-0.009251087819277637,79
BBCA.JK,79,0.010817517440400382,0,93.9772,93.82722,94.91516000000001,0.007981218286991328,-0.003397753495317013,80
BBCA.JK,80,0.0015042887557852325,0,94.5962,93.88694000000001,94.87651500000001,0.007524481994079442,0.015535308446350982,81
BBCA.JK,81,-0.006663918366999866,0,94.1188,94.08088000000001,94.867745,0.007188761251504925,0.0015664307088525398,82
BBCA.JK,82,-0.009022480791796128,0,93.4887,93.9843,94.86859999999999,0.007079365097570378,-0.0026872027701978496,83
BBCA.JK,83,-0.027417812458156332,0,94.8471,94.20559999999999,94.891245,0.007465397240406589,0.009256500512890398,84
BBCA.JK,84,-0.04009524832146927,0,94.9938,94.40892,94.933095,0.00744215976532397,0.0042031286669019785,85
BBCA.JK,85,-0.029753479314111986,0,94.7385,94.43737999999999,94.92641499999999,0.007285634828079009,0.006584231843159927,86
BBCA.JK,86,-0.012161520393276004,0,93.4916,94.31194,94.81215,0.007470351677264835,3.1019791696840215e-05,87
BBCA.JK,87,0.010891012162529634,0,92.6452,94.14323999999999,94.64399,0.007611239450983716,-0.02321525908541211,88
BBCA.JK,88,0.02326915029930654,1,92.2466,93.62314,94.44622999999999,0.00757937420123793,-0.02891978213314972,89
BBCA.JK,89,0.0230081702034326,1,91.185,92.86138,94.19607499999998,0.007835448484286528,-0.03750851026773694,90
BBCA.JK,90,0.0011270706932247077,0,91.9197,92.29762000000001,93.92895999999999,0.007587122295877079,-0.016813275203333755,91
BBCA.JK,91,-0.004245592531395337,0,92.3546,92.07021999999999,93.72202999999999,0.007660828057365711,-0.003136697853747372,92
BBCA.JK,92,-0.005653777406672611,0,93.6542,92.27202000000001,93.6412,0.008034516031173182,0.015259098980341834,93
BBCA.JK,93,-0.025947871189737515,0,94.3931,92.70132,93.621255,0.008188342595761077,0.03518232165378077,94
BBCA.JK,94,-0.001731290803254626,0,93.283,93.12092,93.55461,0.008565686142325609,0.01483142351421951,95
BBCA.JK,95,0.026848635073943194,1,92.0233,93.14164000000001,93.440895,0.008999121570188366,-0.0035872604071697234,96
BBCA.JK,96,0.028850890308549593,1,91.9625,93.06322,93.381565,0.008638047216163175,-0.018063258241488356,97
BBCA.JK,97,0.002151953241191773,0,93.1247,92.95732000000001,93.33922,0.008882380586035528,-0.013437422862476178,98
BBCA.JK,98,0.0052162299143607704,0,91.9438,92.46746000000002,93.24938000000002,0.009270985101525549,-0.01435631358339684,99
BBCA.JK,99,-0.00943283774423731,0,93.1215,92.43516,93.20659500000002,0.009722252375773037,0.011933934123205647,100
BBCA.JK,100,-0.037278557368721765,0,94.494,92.92930000000001,93.20148499999999,0.010167727596004194,0.027527524806306936,101
BBCA.JK,101,-0.051840233703286054,0,94.6157,93.45993999999999,93.22632999999999,0.010104125816181938,0.016010789833416972,102
BBCA.JK,102,-0.034385176120893535,0,93.3251,93.50002,93.21815000000001,0.010452424893280939,0.01502330771623539,103
BBCA.JK,103,-0.027755957906763995,0,92.4234,93.59594000000001,93.096965,0.010090677291739356,-0.007496657592500067,104
BBCA.JK,104,-0.034138054770492365,0,92.2431,93.42026000000001,92.95943,0.01007111060936674,-0.02382056003555788,105
BBCA.JK,105,-0.014613383986615602,0,90.9714,92.71574000000001,92.771075,0.010425363770666113,-0.03851686348037375,106
BBCA.JK,106,-0.0005283644778556473,0,89.7108,91.73476000000001,92.58203499999999,0.010463724013507316,-0.03872805922522449,107
BBCA.JK,107,0.005062358446492832,0,90.1161,91.09296,92.45558,0.010424755310594568,-0.02496445705308392,108
BBCA.JK,108,-0.0047764197106325845,0,89.8581,90.5799,92.33615499999999,0.010408932416009424,-0.025855592450817477,109
BBCA.JK,109,0.01269219847329972,0,89.0941,89.95009999999999,92.23161,0.010280731849740996,-0.020636155978692283,110
BBCA.JK,110,-0.006915285245755354,0,89.642,89.68422,92.117725,0.010203836327844225,-0.0007669087779844652,111
BBCA.JK,111,-0.020659488709997453,0,89.6634,89.67474,91.983165,0.010119858099906884,-0.005023519659639097,112
BBCA.JK,112,-0.019033413085457696,0,90.5723,89.76598,91.82907,0.009851316372115577,0.007948087039454599,113
BBCA.JK,113,-0.014684291096055069,0,89.4289,89.68014,91.58086,0.009875370947592886,0.0037578245922007536,114
BBCA.JK,114,-0.012197298085118491,0,90.2249,89.9063,91.42795500000001,0.00994859000910745,0.006502532295129537,115
BBCA.JK,115,0.003342990111444344,0,89.0221,89.78232,91.27789499999999,0.009938323318314866,-0.0071523051769172286,116
BBCA.JK,116,0.010146792543075378,0,87.811,89.41184000000001,91.07031999999998,0.010271491412699067,-0.030487246100628917,117
BBCA.JK,117,-0.005083940735004844,0,88.8484,89.06706,90.856505,0.010213179575998264,-0.006491190208087083,118
BBCA.JK,118,0.006536860060125438,0,88.1157,88.80442,90.66510000000001,0.010031843571607248,-0.023377138683445486,119
BBCA.JK,119,-0.013558576551427004,0,89.1244,88.58432,90.46524500000001,0.009934772972233177,0.0011491528508089655,120
BBCA.JK,120,-0.002152940504726364,0,89.3197,88.64384,90.20653000000001,0.009219389956924246,0.01718121875391465,121
BBCA.JK,121,0.013638925841581884,0,88.702,88.82204,89.91084500000001,0.009212249808551998,-0.0016477505503756928,122
BBCA.JK,122,0.013731281823869068,0,88.3967,88.7317,89.664425,0.008895912110346559,0.0031889890223875117,123
BBCA.JK,123,0.024865911917349548,1,88.6917,88.8469,89.47784,0.008835952570744838,-0.004855011646642149,124
BBCA.JK,124,0.04782178443059282,1,87.916,88.60522,89.261485,0.008956601504047276,-0.015715458068040977,125
BBCA.JK,125,0.02178118064702894,1,89.1274,88.56676,89.16928500000002,0.009209468109052122,0.004795833239385816,126
BBCA.JK,126,0.0003125285001523981,0,89.9118,88.80872,89.17933500000001,0.008945687131723173,0.01713978010491357,127
BBCA.JK,127,-0.009694176463695747,0,89.6105,89.05148,89.154055,0.008918015992249135,0.010359481214138544,128
BBCA.JK,128,-0.03176999046174189,0,90.8971,89.49256,89.206005,0.009439431099799916,0.03390850357159114,129
BBCA.JK,129,-0.04461448779476396,0,92.1203,90.33341999999999,89.357315,0.009590462024591491,0.033580021407558336,130
BBCA.JK,130,-0.030240906041263393,0,91.0687,90.72167999999999,89.42864999999999,0.009942192288116899,0.012867054157518876,131
BBCA.JK,131,-0.005659334733527643,0,89.9399,90.72729999999999,89.442475,0.01035313571626667,0.003675908515185178,132
BBCA.JK,132,0.015528195281141466,0,88.7418,90.55355999999999,89.35095,0.010489683292698636,-0.023711427537292162,133
BBCA.JK,133,0.03177845977641014,1,88.0093,89.97600000000001,89.27997,0.010288136027591292,-0.04462642870246847,134
BBCA.JK,134,0.018408051775699263,0,88.0104,89.15402,89.169245,0.01005102357886736,-0.03358233948656342,135
BBCA.JK,135,0.019268592884310376,0,88.3147,88.60322,89.13387499999999,0.00969691746028762,-0.01806984441832815,136
BBCA.JK,136,0.010158681171720252,0,89.4309,88.50142000000001,89.21486999999999,0.009589826146556022,0.007765224505249968,137
BBCA.JK,137,0.006007558827249904,0,90.1198,88.77702000000001,89.27843999999999,0.009397110180652674,0.023980420251041634,138
BBCA.JK,138,-0.009127140137061285,0,90.8061,89.33638,89.41296,0.009272476404710517,0.03176556406970077,139
BBCA.JK,139,0.01607600091486705,0,89.6305,89.66040000000001,89.43826499999999,0.009491845354059827,0.014898991900555547,140
BBCA.JK,140,0.01641811936491555,0,90.0164,90.00074,89.4731,0.009523724178203944,0.006546954128830329,141
BBCA.JK,141,0.0017223935514294464,0,90.3394,90.18244000000001,89.55497,0.009392668522350076,0.002436756406472229,142
BBCA.JK,142,-0.009168199847343739,0,90.6612,90.29072,89.668195,0.009352537086689315,-0.0015957077773409711,143
BBCA.JK,143,-0.0019860564831352123,0,89.9773,90.12496000000002,89.732475,0.009533463175305916,0.0038692186253563854,144
BBCA.JK,144,-0.021768634280355914,0,91.0714,90.41314,89.89024500000001,0.00957928856335427,0.011720086562004184,145
BBCA.JK,145,-0.039458195756456926,0,91.4943,90.70872,90.00859,0.009208320809787375,0.01278401229142534,146
BBCA.JK,146,-0.03126360572407316,0,90.495,90.73984,90.03775,0.009411824468208265,-0.0018331987663960936,147
BBCA.JK,147,-0.021472781921407114,0,89.83,90.5736,90.04872499999999,0.009530370914346106,-0.0016370795745148659,148
BBCA.JK,148,-0.006465579641553365,0,89.7986,90.53786,89.99380000000001,0.008957280974720953,-0.013975847521834561,149
BBCA.JK,149,0.011259539628393656,0,89.0889,90.14135999999999,89.84223,0.00848223883507429,-0.02629016233798176,150
BBCA.JK,150,0.016311255392044588,0,87.8841,89.41932,89.68299999999999,0.008615168310430403,-0.02885131775236205,151
BBCA.JK,151,0.0225287398278462,1,87.6658,88.85347999999999,89.569295,0.008266059542312838,-0.02409217410664577,152
BBCA.JK,152,0.03292564029346612,1,87.9011,88.4677,89.52726,0.007821017204304847,-0.021130618962879044,153
BBCA.JK,153,0.027844157008675374,1,89.218,88.35158,89.58769500000001,0.008286663143973583,0.001449114311659505,154
BBCA.JK,154,0.025217555387825774,1,90.092,88.5522,89.691775,0.008516260164221256,0.025122860676732195,155
BBCA.JK,155,0.049405716230619845,1,89.3176,88.8389,89.74192000000002,0.008758616976913675,0.01884201136589181,156
BBCA.JK,156,0.03446310162336785,1,89.6408,89.23389999999999,89.75241500000001,0.008349946197094662,0.01979156119775527,157
BBCA.JK,157,0.024459415850820454,1,90.7953,89.81274,89.78619,0.008654630600380525,0.01767916788092072,158
BBCA.JK,158,0.005448069948158274,0,91.7022,90.30958000000001,89.830995,0.008768108472706163,0.01787284109576892,159
BBCA.JK,159,-0.001399897579032472,0,92.3639,90.76396,89.96766499999998,0.00830775773798869,0.03410637992959953,160
BBCA.JK,160,-0.012251094628850434,0,93.7304,91.64652000000001,90.153365,0.008783408276169292,0.04562208280158142,161
BBCA.JK,161,0.007229583490150349,0,92.7301,92.26438,90.27289999999999,0.009199533995409022,0.021309473067438356,162
BBCA.JK,162,0.007300886620703384,0,93.0161,92.70854,90.390645,0.009194374003349774,0.014327900530194393,163
BBCA.JK,163,0.02630968158973035,1,92.2018,92.80846,90.50187,0.009256354474781812,-0.001755014675646982,164
BBCA.JK,164,0.0373146303014269,1,92.2346,92.78259999999999,90.56003000000001,0.008912796117123253,-0.015958536398009593,165
BBCA.JK,165,0.021017021648893408,1,92.5821,92.55293999999999,90.61442000000001,0.00889531752769408,-0.0015960297681119062,166
BBCA.JK,166,0.014946386796644617,0,93.4005,92.68701999999999,90.759695,0.008651393863625643,0.004132617901632107,167
BBCA.JK,167,0.0019894295545557217,0,93.6952,92.82284,90.952955,0.008406443376498127,0.016197080751134907,168
BBCA.JK,168,-0.003653268179685476,0,94.6276,93.30799999999999,91.19440499999999,0.00855219211326299,0.025944710553306383,169
BBCA.JK,169,-0.004238249179786435,0,95.6763,93.99633999999999,91.52377500000001,0.008379053094770552,0.03342114728441037,170
BBCA.JK,170,0.007028612716457161,0,94.5279,94.3855,91.855965,0.008228809112301616,0.012070599193794607,171
BBCA.JK,171,0.015579689123543572,0,94.7965,94.6647,92.2125,0.008110213007362036,0.011754070646095016,172
BBCA.JK,172,0.010277839321017002,0,93.8816,94.70197999999999,92.51152499999999,0.00863512298522466,-0.00788353503628958,173
BBCA.JK,173,0.012577175470583457,0,94.2819,94.63284,92.76472,0.00821814142078936,-0.014574142185682426,174
BBCA.JK,174,0.006102604365660902,0,95.2708,94.55174000000001,93.02365999999999,0.008248956455977051,0.00785905536883802,175
BBCA.JK,175,0.0005725252987898166,0,95.1923,94.68462,93.31739499999999,0.007876078037286651,0.0041752596351132265,176
BBCA.JK,176,-0.0029634353829821602,0,96.2734,94.97999999999999,93.649025,0.008073700173164123,0.025476770741018395,177
BBCA.JK,177,0.02083998882404714,1,94.8465,95.17298,93.851585,0.008714971737288586,0.0059884240771559405,178
BBCA.JK,178,0.022208558496748187,1,95.4677,95.41013999999998,94.03986,0.008593139304123813,0.0020667402813874247,179
BBCA.JK,179,0.022644237690945035,1,95.8522,95.52642,94.214275,0.008525154499535705,0.006932283388467297,180
BBCA.JK,180,0.02468324395150301,1,95.2468,95.53732,94.290095,0.008161366201079557,-0.010663381577881381,181
BBCA.JK,181,0.030977798289579583,1,95.9881,95.48026,94.45299499999999,0.007845213427311344,0.01203629021629693,182
BBCA.JK,182,0.012155157188728838,0,96.8231,95.87558,94.643345,0.007986801191649216,0.014197472024569668,183
BBCA.JK,183,0.005328529459082576,0,97.5879,96.29961999999999,94.91265,0.0076802801080181485,0.018108087242650672,184
BBCA.JK,184,-0.008276654285180873,0,98.0227,96.73371999999999,95.202055,0.007665073855304473,0.02914428621224019,185
BBCA.JK,185,-0.003911973425630655,0,97.5978,97.20392,95.45284000000001,0.007830216372763116,0.0167697870881911,186
BBCA.JK,186,-0.003651921553410653,0,98.9616,97.79862,95.730895,0.008107445203991686,0.022086671465797014,187
BBCA.JK,187,0.010877551020408216,0,98.0,98.03399999999999,95.946135,0.008562104486793563,0.004222859596322959,188
BBCA.JK,188,0.004508301574083218,0,98.1079,98.13799999999999,96.12015000000001,0.008381254252825618,0.0008691864231449298,189
BBCA.JK,189,0.010810460501545993,0,97.2114,97.97574,96.196905,0.008425165563947104,-0.0039591056355779974,190
BBCA.JK,190,0.01575872284397639,0,97.216,97.89938,96.33131,0.007900297130562112,-0.017639165090297726,191
BBCA.JK,191,-0.007305259015701782,0,98.6002,97.8271,96.52149499999999,0.00837784502716243,0.0061244897959182865,192
BBCA.JK,192,-0.010919992732117967,0,99.066,98.0403,96.780715,0.007952944415322648,0.009765778291044969,193
BBCA.JK,193,-0.005198365908948066,0,98.5502,98.12876000000001,96.99413,0.00812712642046333,0.013772047311323643,194
BBCA.JK,194,0.010295912063934987,0,98.2623,98.33894000000001,97.14370500000001,0.007971384891707654,0.010762631665569566,195
BBCA.JK,195,0.007655851257746926,0,98.748,98.64534,97.32149000000001,0.007983546897692442,0.0014989827606841644,196
BBCA.JK,196,0.026933006674506155,1,97.8799,98.50128,97.401815,0.00799369553521605,-0.011972826196676944,197
BBCA.JK,197,0.025081594787730976,1,97.9842,98.28492,97.55870000000002,0.007139711885051643,-0.005743265868562442,198
BBCA.JK,198,0.029276432889729476,1,98.0379,98.18245999999999,97.68721000000001,0.007053250631867076,-0.002283683569385242,199
BBCA.JK,199,0.02405262203598113,1,99.274,98.3848,97.85830000000001,0.007452511096912012,0.00532669016081333,200
BBCA.JK,200,0.016771185077986805,0,99.504,98.536,98.07116,0.007217210882835553,0.016592783605214212,201
BBCA.JK,201,0.019491404859520056,0,100.5161,99.06324000000001,98.29756,0.007327284583847802,0.025839880307233054,202
BBCA.JK,202,0.027292422079253864,1,100.4418,99.55476,98.47849500000001,0.00720507379676198,0.02452010905986368,203
BBCA.JK,203,0.027481441033970544,1,100.9081,100.1288,98.64450500000001,0.007102884757279616,0.01646050325362136,204
BBCA.JK,204,0.006205870838407401,0,101.6618,100.60636,98.82646000000003,0.007191174043103414,0.021685560379482105,205
BBCA.JK,205,0.023165317160343424,1,101.1728,100.94012,99.00521,0.007212330779806699,0.006533281732976182,206
BBCA.JK,206,0.020675226127661928,1,102.4753,101.33196000000001,99.180895,0.007123156307396397,0.020245555137403004,207
BBCA.JK,207,0.023201473884773893,1,103.1831,101.88022000000001,99.44005000000001,0.0066909090816858014,0.022545266435499256,208
BBCA.JK,208,0.0060473837108365736,0,103.6812,102.43483999999998,99.718715,0.0066983814428448136,0.019863901681851148,209
BBCA.JK,209,0.016239673016745115,0,102.2927,102.56101999999998,99.97278,0.007127532420044646,0.01106918064934459,210
BBCA.JK,210,-0.008760922171827668,0,103.5165,103.02975999999998,100.28780499999999,0.0073846661689221564,0.010160497212498898,211
BBCA.JK,211,-0.030333479931927143,0,104.594,103.4535,100.58749499999999,0.007140871492006385,0.013673750837104093,212
BBCA.JK,212,-0.029461881411783408,0,105.5771,103.93230000000001,100.91305,0.007269483142487724,0.018285860888955785,213
BBCA.JK,213,-0.022252325320540445,0,104.3082,104.05769999999998,101.20095,0.007796534629420357,0.01970326328271721,214
BBCA.JK,214,-0.00947246808441049,0,103.9539,104.38994,101.48553,0.007814865691271676,0.004225413339902451,215
BBCA.JK,215,0.003704331758431989,0,102.6096,104.20855999999999,101.67860999999999,0.008515117483444001,-0.018972407595081897,216
BBCA.JK,216,0.01372295563160808,0,101.4213,103.57401999999999,101.85567999999999,0.008710629749377474,-0.03936270270731057,217
BBCA.JK,217,0.014661362824569313,0,102.4666,102.95192,102.0798,0.00890153154140494,-0.01765537129391548,218
BBCA.JK,218,0.03322184864556399,1,101.9871,102.48769999999999,102.27726,0.009024414949886584,-0.01891992508217588,219
BBCA.JK,219,0.019129021105340316,0,102.9692,102.29076,102.46202000000001,0.008871680988044568,0.0035045453836677343,220
BBCA.JK,220,0.008496966201474443,0,102.9897,102.36677999999999,102.63630500000002,0.008878332279127496,0.01546420722274311,221
BBCA.JK,221,0.012992507764088446,0,102.8131,102.64514,102.75115500000001,0.008691410269851334,0.003381589708256305,222
BBCA.JK,222,-0.0038963574684353075,0,103.9689,102.94560000000001,102.92751000000001,0.008948390504519002,0.01943186932465002,223
BBCA.JK,223,-0.027662080202855766,0,105.3753,103.62324000000001,103.15087000000001,0.009293962765007395,0.023367181642665935,224
BBCA.JK,224,-0.020919792374419766,0,104.9389,104.01718000000001,103.314725,0.009310021231990583,0.018926164461106287,225
BBCA.JK,225,-0.013242214879343184,0,103.8648,104.1922,103.449325,0.00956917836506827,0.010229241215370388,226
BBCA.JK,226,-0.004466681837254072,0,104.1489,104.45935999999999,103.533005,0.009207485998841537,0.0017312869521557417,227
BBCA.JK,227,0.0075006903956786886,0,103.5638,104.37834000000001,103.55204,0.009200345158667708,-0.017190935636719362,228
BBCA.JK,228,0.005381591326990565,0,102.4604,103.79536,103.49100000000001,0.009429121309636263,-0.023618505625654485,229
BBCA.JK,229,0.014483627204030292,0,102.7436,103.35629999999999,103.51354499999998,0.008975253188728658,-0.010794802473985454,230
BBCA.JK,230,0.029339619511871362,1,102.4894,103.08122,103.46218999999999,0.008576669863377635,-0.015933917689000987,231
BBCA.JK,231,0.011663356921097545,0,103.6837,102.98818000000001,103.41667499999998,0.008659388892263524,0.001157740445985933,232
BBCA.JK,232,-0.0019858041836063878,0,104.3406,103.14353999999999,103.35484999999998,0.008510517986750179,0.01835050419479134,233
BBCA.JK,233,-0.000654293974088338,0,103.0118,103.25381999999999,103.29002999999997,0.008560073338135514,0.0026103815712121836,234
BBCA.JK,234,-0.01753305376387415,0,104.2317,103.55144,103.30391999999999,0.008945740532944377,0.016999806809289586,235
BBCA.JK,235,-0.024588516764553092,0,105.4964,104.15284,103.44826,0.008776135507355695,0.017482979484721328,236
BBCA.JK,236,-0.010006387461508393,0,104.893,104.39469999999999,103.62184500000001,0.008427836309709622,0.0052941999566804565,237
BBCA.JK,237,0.008302811585908065,0,104.1334,104.35326,103.705185,0.008401627317153704,0.010888073016877664,238
BBCA.JK,238,0.010110311974230735,0,102.9444,104.33977999999999,103.75305,0.008744433517508431,-0.012350369417365337,239
BBCA.JK,239,0.0042410369887171395,0,102.4042,103.97428,103.7248,0.008567616170014024,-0.02931095279080609,240
BBCA.JK,240,0.005650013993842684,0,102.9024,103.45548,103.720435,0.008639578087747566,-0.018977434147178562,241
BBCA.JK,241,-0.0164815481773517,0,103.8434,103.24556,103.77194999999999,0.008853655456736687,-0.002784889382273059,242
BBCA.JK,242,-0.03154917236518795,0,104.998,103.41848,103.82340499999998,0.008846252151601858,0.01994863246568057,243
BBCA.JK,243,-0.029503236999111504,0,103.9852,103.62664,103.7539,0.008581888600247228,0.0154388198921529,244
BBCA.JK,244,-0.006930283891733113,0,102.8385,103.7135,103.64888,0.008849932133137716,-0.0006209767702211044,245
BBCA.JK,245,-0.019275480799893385,0,103.4838,103.82978,103.62983000000001,0.008716299231218033,-0.003462906645968822,246
BBCA.JK,246,0.007927983323525734,0,102.1319,103.48748,103.52898,0.009125717938463963,-0.027296710413531766,247
BBCA.JK,247,0.01940101528833038,0,101.6854,102.82495999999999,103.43506,0.00909774843578033,-0.02211660890203615,248
BBCA.JK,248,0.03756838520253725,1,100.9173,102.21138,103.357905,0.008955054647791514,-0.01868171939497365,249
BBCA.JK,249,0.027332956020907462,1,102.1258,102.06884,103.327015,0.00935044498760386,-0.013122826954557132,250
BBCA.JK,250,0.03278184553809238,1,101.4891,101.66990000000001,103.277,0.009430582732498019,-0.006293822008598737,251
BBCA.JK,251,0.0074177980524881,0,102.9416,101.83184,103.239895,0.00961710661052693,0.012353789236212886,252
BBCA.JK,252,-0.00143838114109629,0,103.6582,102.22639999999998,103.20577499999999,0.009639671653029628,0.0271598625805487,253
BBCA.JK,253,-0.01667389307086531,0,104.7086,102.98466,103.290615,0.009449059763948527,0.025290377162284328,254
BBCA.JK,254,-0.02755696873343927,0,104.9172,103.54294,103.32489000000001,0.009114684744501902,0.03377801162883509,255
BBCA.JK,255,-0.03243299454950144,0,104.8161,104.20833999999999,103.290875,0.00870733166376823,0.01820935365294507,256
BBCA.JK,256,-0.020491740047750784,0,103.7052,104.36106,103.23148499999999,0.008921859236013796,0.00045341323696534985,257
BBCA.JK,257,-0.009582732339475486,0,103.5091,104.33124000000001,103.20027000000002,0.008795908491461396,-0.011455601545622862,258
BBCA.JK,258,-0.013108630601178839,0,102.9627,103.98206,103.20118500000001,0.008503486043651897,-0.01862897599249691,259
BBCA.JK,259,-0.008267500441063946,0,102.026,103.40382,103.182275,0.008663194449016661,-0.026619002233435607,260
BBCA.JK,260,-0.010555471195050847,0,101.4166,102.72391999999999,103.10798500000001,0.008671668729308434,-0.02206832444274731,261
BBCA.JK,261,-0.020326815980689195,0,101.5801,102.2989,102.99482,0.0083955643161166,-0.018636042628136118,262
BBCA.JK,262,-0.032597456817002435,0,102.5172,102.10052,102.87078000000001,0.008267327613337424,-0.004326809611636007,263
BBCA.JK,263,-0.0220217885506776,0,101.613,101.83058,102.75217,0.008226803785709764,-0.004047987767823891,264
BBCA.JK,264,-0.0036785017171941936,0,101.1825,101.66188000000001,102.66937,0.00794621370072275,-0.0023083006135090622,265
BBCA.JK,265,-0.004960830565413188,0,100.3461,101.44778000000001,102.51248500000001,0.007932689405146123,-0.012148048682763646,266
BBCA.JK,266,0.01094806527237524,0,99.5153,101.03482000000001,102.38165500000001,0.0076475774231783145,-0.029281915620013144,267
BBCA.JK,267,0.021851184870441687,1,99.1754,100.36646,102.256155,0.007630992364197931,-0.02398905651835892,268
BBCA.JK,268,0.01311895410630215,0,99.3753,99.91891999999999,102.17905499999999,0.007518022263724875,-0.017860796086279773,269
BBCA.JK,269,-0.0037535847031503478,0,100.8103,99.84447999999999,102.11328,0.007742350531040789,0.004625989450511625,270
BBCA.JK,270,0.007484353764661167,0,99.8483,99.74492,102.03124,0.007894418388135985,0.003346219124094496,271
BBCA.JK,271,-0.012448710200706037,0,100.6048,99.96282,101.9144,0.007369487240824064,0.01441284834747325,272
BBCA.JK,272,-0.03129091940696149,0,101.3425,100.39624,101.79861500000001,0.0073902681151362575,0.01979566350994677,273
BBCA.JK,273,-0.03914719057598903,0,100.679,100.65698,101.59713500000001,0.007006550565522369,-0.0013024462778108425,274
BBCA.JK,274,-0.04600231599720794,0,100.4319,100.5813,101.37287,0.006948692156183357,0.005844866662727322,275
BBCA.JK,275,-0.04826950681739561,0,100.5956,100.73076,101.161845,0.006993828355118317,-9.144692897344875e-05,276
BBCA.JK,276,-0.0372240630321965,0,99.3524,100.48028,100.94420500000001,0.007111184408678653,-0.019637368330167493,277
BBCA.JK,277,-0.02894733089270407,0,98.1714,99.84606,100.67732000000001,0.007422250658654469,-0.02490688226939075,278
BBCA.JK,278,-0.010889239665611394,0,96.7377,99.05780000000001,100.36607000000001,0.007855148566866407,-0.03678313364578378,279
BBCA.JK,279,-0.015398938335361656,0,95.8118,98.13378000000002,100.05535999999998,0.007873944082240934,-0.04755476382664847,280
BBCA.JK,280,-0.01758618924816091,0,95.7399,97.16264000000001,99.771525,0.007861128863550247,-0.036360470406351486,281
BBCA.JK,281,-0.013245642371837674,0,95.6541,96.42298000000001,99.475225,0.007808853289077866,-0.025641887555846288,282
BBCA.JK,282,-0.013936909417431642,0,95.3296,95.85462,99.11584500000001,0.007290565487324968,-0.014555855679843632,283
BBCA.JK,283,-0.005808685437422745,0,95.6843,95.64394,98.81941,0.007353782552959084,-0.0013307337927062068,284
BBCA.JK,284,0.004303747015998116,0,94.3364,95.34886000000002,98.477105,0.007741474224900767,-0.014659509775965973,285
BBCA.JK,285,0.015825644667762484,0,94.0562,95.01212000000001,98.16261,0.007662956461888301,-0.016704981804229968,286
BBCA.JK,286,0.010044804851510492,0,94.3871,94.75872,97.90619999999998,0.007703374879216289,-0.00988675080982182,287
BBCA.JK,287,0.028478420442335617,1,94.001,94.49299999999998,97.64748,0.007708298395394946,-0.017592227774044344,288
BBCA.JK,288,0.00987191010054822,0,95.1285,94.38184000000001,97.43514,0.008294550015366973,0.00839654682603963,289
BBCA.JK,289,0.027429113047590103,1,94.7424,94.46304,97.131745,0.007373608441965746,0.007295638139750427,290
BBCA.JK,290,0.014487459796304725,0,95.5447,94.76074000000001,96.916565,0.007623927943512921,0.012264387824183709,291
BBCA.JK,291,0.016256325050978182,0,95.3352,94.95036,96.653085,0.007289354656124489,0.014193466026957147,292
BBCA.JK,292,0.007259148927367232,0,96.678,95.48576,96.41986,0.007877038329323084,0.016288493984452534,293
BBCA.JK,293,0.026150335805203984,1,96.0676,95.67357999999999,96.18929,0.007870941858186507,0.013987401627993279,294
BBCA.JK,294,0.01665175347309611,0,97.3411,96.19332,96.03475,0.00857029194493566,0.018801670840977946,295
BMRI.JK,20,0.007901158144001608,0,94.3406,93.88705999999999,96.817465,0.008750928629381791,-0.006342766381442377,21
BMRI.JK,21,0.008723296487830767,0,94.9641,93.89132,96.5847,0.008671282559680093,0.012068416110973201,22
BMRI.JK,22,-0.004186231165597243,0,96.2202,94.36902,96.483015,0.008891949596644796,0.037028814079937966,23
BMRI.JK,23,0.016845125723638166,0,95.5588,94.92388000000001,96.37186,0.008947430265500966,0.0216291747429056,24
BMRI.JK,24,0.027268553747853863,1,95.4066,95.29806,96.23568499999999,0.008883204368089915,0.01129948293735672,25
BMRI.JK,25,0.045096018341290955,1,95.086,95.44714000000002,96.04011500000001,0.008575014472085994,0.0012836429766616142,26
BMRI.JK,26,0.025907038651251213,1,95.7925,95.61282000000001,95.86132500000001,0.00873404704388725,-0.004445012585714836,27
BMRI.JK,27,0.01352363975645332,0,95.8174,95.53226000000001,95.6827,0.008734541700630389,0.0027061871852722685,28
BMRI.JK,28,-0.011386406088392809,0,97.1685,95.8542,95.54342,0.009271108687172031,0.01846727584884067,29
BMRI.JK,29,-0.020762548439824502,0,98.0082,96.37451999999999,95.51621,0.009037344156487508,0.03073217929032679,30
BMRI.JK,30,-0.029747217582063668,0,99.374,97.23212000000001,95.62219999999999,0.009028292074321828,0.037388104496698604,31
BMRI.JK,31,-0.009937501399146398,0,98.2742,97.72846000000001,95.662075,0.009403284386348482,0.025640436914380782,32
BMRI.JK,32,-0.009808141426706163,0,97.1132,97.98762,95.70185000000001,0.00939830125329579,-0.0005691144763991796,33
BMRI.JK,33,-0.012045333175102368,0,96.0621,97.76634,95.76071500000002,0.009104599667979187,-0.01985650180291043,34
BMRI.JK,34,-0.021841491331443197,0,95.9733,97.35936,95.79439000000002,0.00906964887468583,-0.03422122486767165,35
BMRI.JK,35,-0.034981056422095924,0,96.4179,96.76813999999999,95.83361500000001,0.009092367201665445,-0.018888986122502005,36
BMRI.JK,36,-0.03555483382940594,0,97.2976,96.57282000000001,95.951355,0.009100698711630986,0.0018988149911649543,37
BMRI.JK,37,-0.011890512444272971,0,96.1607,96.38232,96.067805,0.009099412079281183,0.0010264193683044986,38
BMRI.JK,38,-0.0036773615720984143,0,94.905,96.15090000000001,96.17383,0.00923738340352834,-0.011131220870804648,39
BMRI.JK,39,0.017990542954565036,0,93.8771,95.73166,96.1909,0.009446800140822244,-0.02635195331987117,40
BMRI.JK,40,0.037776304179371056,1,93.0451,95.05709999999999,96.12612499999999,0.009439289090439429,-0.043706114025423015,41
BMRI.JK,41,0.03494312550752254,1,93.8382,94.36522,96.06983,0.009521745411967137,-0.024152278425593865,42
BMRI.JK,42,0.008987836951797279,0,95.0173,94.13654,96.009685,0.009474837064990254,0.0011832885517095715,43
BMRI.JK,43,0.027306569651846635,1,94.556,94.06674,95.959545,0.009417870215879063,0.007231795613626746,44
BMRI.JK,44,0.028139714961388007,1,95.566,94.40452,95.96751499999999,0.009720615781124164,0.027093312812818793,45
BMRI.JK,45,0.023832850041425102,1,96.56,95.10749999999999,96.041215,0.009933865558647916,0.029005245198650442,46
BMRI.JK,46,0.005038242453448083,0,97.1172,95.7633,96.10745,0.009885104500627793,0.0221001859661345,47
BMRI.JK,47,0.00946477204335383,0,95.8713,95.93410000000002,96.110145,0.010318703545021353,0.013910275392360116,48
BMRI.JK,48,0.0047334719677161186,0,97.138,96.4505,96.10861999999999,0.010260010383460435,0.016449364836866653,49
BMRI.JK,49,-0.01044830197282176,0,98.2552,96.98834000000001,96.12097,0.01039791822285267,0.01755592377796189,50
BMRI.JK,50,-0.007889841626602112,0,98.8613,97.44859999999998,96.095335,0.010014900564338122,0.01795871380146874,51
BMRI.JK,51,0.016689462279663836,0,97.6065,97.54646,96.06195000000001,0.010108834557393769,0.018099264326237208,52
BMRI.JK,52,0.03954485852775447,1,96.7787,97.72794,96.04522500000002,0.00994360513889088,-0.003698861413658938,53
BMRI.JK,53,0.021035310222156545,1,97.5978,97.8199,96.12201000000002,0.009793207593640964,-0.006690740032079701,54
BMRI.JK,54,0.027978393188835327,1,97.2286,97.61458,96.18477500000002,0.009838686671279804,-0.01651505695352984,55
BMRI.JK,55,0.00977760286619378,0,98.0813,97.45858,96.26794500000001,0.009961961068551108,0.004864430135288034,56
BMRI.JK,56,0.002188732862735465,0,99.2355,97.78438,96.36484,0.010086906175595984,0.025385751203518936,57
BMRI.JK,57,-0.02019366676672718,0,100.6058,98.54979999999999,96.587095,0.010009155240737228,0.030820366852531533,58
BMRI.JK,58,-0.020315943273912507,0,99.6508,98.96039999999999,96.824385,0.009762493322084015,0.02491242288791584,59
BMRI.JK,59,-0.028062339855666196,0,99.9489,99.50446,97.127975,0.009271914340531519,0.019041346311682306,60
BMRI.JK,60,-0.012011272179102805,0,99.0403,99.69626,97.42773500000001,0.009286843651929977,-0.001967038005552424,61
BMRI.JK,61,-0.029072111667154177,0,99.4527,99.7397,97.70846,0.009209464235140375,-0.011461565834176679,62
BMRI.JK,62,-0.01364251497856439,0,98.5742,99.33338,97.88630500000001,0.009273283599528564,-0.01080372661333373,63
BMRI.JK,63,0.0044434747603874225,0,97.6263,98.92848000000001,98.03981999999999,0.009501486578670433,-0.02323787455389703,64
BMRI.JK,64,0.009206941028842675,0,97.1441,98.36752,98.11872500000001,0.00936758271888455,-0.01914574168293115,65
BMRI.JK,65,0.009429671938984585,0,97.8507,98.12960000000001,98.18325999999999,0.009232183487100374,-0.016108159959458024,66
BMRI.JK,66,0.013490898019291153,0,96.5614,97.55134000000001,98.15547,0.00962759005271731,-0.02041913604168233,67
BMRI.JK,67,0.014659146307598458,0,97.2294,97.28238,98.223375,0.009292720309355346,-0.00406550284093532,68
BMRI.JK,68,0.011980407933501969,0,98.0601,97.36913999999999,98.26948,0.009031613041500536,0.009429291125246042,69
BMRI.JK,69,0.015939656359491572,0,98.0385,97.54802,98.258645,0.008672762647355201,0.0019192504499201402,70
BMRI.JK,70,0.010740745990317269,0,98.7734,97.73256,98.25425,0.008725192983222567,0.022907704320773936,71
BMRI.JK,71,0.027041581131385328,1,97.8641,97.9931,98.26712999999998,0.008501956435205163,0.006527860914496975,72
BMRI.JK,72,0.01968684715477309,0,98.6547,98.27816,98.36093,0.008425343262896054,0.0060636283258939105,73
BMRI.JK,73,0.011417354176806782,0,99.2349,98.51311999999999,98.44278499999999,0.008329144651826744,0.012203369084594184,74
BMRI.JK,74,-0.0011606285868042132,0,99.6012,98.82566,98.561415,0.008279668182132594,0.008380798879050522,75
BMRI.JK,75,-0.015864287123764087,0,99.8343,99.03783999999999,98.649065,0.008104031124269584,0.02013199937464316,76
BMRI.JK,76,-0.0221379855835957,0,100.5105,99.56712,98.712815,0.007838478522147824,0.01881106526095544,77
BMRI.JK,77,-0.03163119340655629,0,100.5969,99.95555999999999,98.71236999999999,0.007238254214648842,0.013725010051907294,78
BMRI.JK,78,-0.043604578754761314,0,100.3679,100.18216,98.748225,0.0069282119717451185,0.007697698421304189,79
BMRI.JK,79,-0.02541573855914836,0,99.4856,100.15904,98.72506,0.007177760631631311,-0.0034927875489685345,80
BMRI.JK,80,-0.011587727288919769,0,98.2505,99.84228,98.68557,0.007416092963135746,-0.022485212987697678,81
BMRI.JK,81,-0.005627488925109891,0,98.2854,99.39726,98.627205,0.007345720097243562,-0.02297784524175206,82
BMRI.JK,82,0.006201310066529908,0,97.4149,98.76086,98.56924000000001,0.007347045481063483,-0.029421757354692102,83
BMRI.JK,83,0.025350187620974518,1,95.9914,97.88556,98.487495,0.007725791702550508,-0.03512267101972555,84
BMRI.JK,84,0.000786945979201148,0,96.9571,97.37986000000001,98.478145,0.008011691212032714,-0.013164309596388923,85
BMRI.JK,85,0.013372188812917019,0,97.112,97.15215999999998,98.44121,0.007845540035430379,-0.011938700966776405,86
BMRI.JK,86,0.004667852900218428,0,97.7323,97.04153999999998,98.499755,0.007391601173502302,0.0032582284640234604,87
BMRI.JK,87,-0.00938593537987531,0,98.019,97.16236,98.539235,0.007272180625058555,0.021122725577499724,88
BMRI.JK,88,-0.02131068592468577,0,98.4248,97.64904,98.55747,0.007087536096836504,0.015137622721801858,89
BMRI.JK,89,-0.00023600121195388457,0,97.0334,97.6643,98.507215,0.0077480484620840095,-0.0008093747425652609,90
BMRI.JK,90,-0.004985235330340454,0,98.4106,97.92402000000001,98.489075,0.008216297262635522,0.006940387159618755,91
BMRI.JK,91,-0.0049547553939617295,0,98.1885,98.01526000000001,98.505295,0.007969214486309458,0.0017292565727053955,92
BMRI.JK,92,-0.0015242175511592793,0,97.099,97.83126000000001,98.42751,0.008115446098625722,-0.013470182311775103,93
BMRI.JK,93,-0.0069513004101640075,0,96.3273,97.41176,98.28212999999998,0.008109145899280534,-0.0072768757974058795,94
BMRI.JK,94,-0.017848583400765894,0,97.0105,97.40718,98.15259499999999,0.008249689796834402,-0.014227125939685448,95
BMRI.JK,95,-0.013555964052287539,0,97.92,97.30906,98.05688,0.008541488304935108,-0.002734536121847264,96
BMRI.JK,96,-0.022311723403819816,0,97.702,97.21176,97.91645500000001,0.008358866020526537,0.00621015664424962,97
BMRI.JK,97,-0.009694587987746361,0,96.951,97.18216,97.73416,0.008451335022639287,0.0064747999788221655,98
BMRI.JK,98,0.017630572342843154,0,95.6577,97.04823999999999,97.49865,0.00881797986108955,-0.013944882255013558,99
BMRI.JK,99,0.02504224435604918,1,95.279,96.70194,97.28832,0.008703981014357967,-0.026970996732026187,100
BMRI.JK,100,0.0032103908580987106,0,96.5926,96.43646,97.205425,0.009021915442472979,-0.011354936439376795,101
BMRI.JK,101,0.004040949685989004,0,95.5221,96.00048,97.06725999999999,0.009288517470124458,-0.014738372992542659,102
BMRI.JK,102,0.011104965988307569,0,96.0111,95.81250000000001,96.99706999999998,0.009225370460470325,0.003694422926748153,103
BMRI.JK,103,0.000549596175221545,0,97.3442,96.1498,97.06470999999999,0.009164395357805524,0.02167529046274619,104
BMRI.JK,104,-0.01446168023345118,0,97.665,96.62700000000001,97.100105,0.008936231069359573,0.011102299762093537,105
BMRI.JK,105,-0.001919451160803498,0,96.9027,96.68902,97.08964,0.00910677179719321,0.014453199835430697,106
BMRI.JK,106,0.00279434166665804,0,95.9081,96.76622,96.99843000000001,0.009238881507570332,-0.0010727926250193587,107
BMRI.JK,107,-0.01712552780104093,0,97.0773,96.97945999999999,96.951345,0.009642377826813264,-0.002741817180684669,108
BMRI.JK,108,-0.021100087579070115,0,97.3977,96.99015999999999,96.89999,0.009624174813196747,-0.0027369067731531915,109
BMRI.JK,109,-0.017447840370026335,0,96.2526,96.70768000000001,96.86095,0.009468017959485434,-0.0067087913959053,110
BMRI.JK,110,-0.018227462268667116,0,96.7167,96.67048000000001,96.77625499999999,0.008954193089611293,0.008430987580819505,111
BMRI.JK,111,-0.013774731976031629,0,96.1761,96.72408,96.675635,0.009010074135179255,-0.00928332370183338,112
BMRI.JK,112,-0.008380251281771778,0,95.4148,96.39158,96.591425,0.008857155968469263,-0.020358796973645177,113
BMRI.JK,113,-0.00291160509572852,0,95.3426,95.98056,96.54218999999999,0.00870580455830133,-0.009454290065930682,114
BMRI.JK,114,-0.0006280849120046117,0,94.5732,95.64468000000001,96.42032499999999,0.008673862892305867,-0.022162666840369938,115
BMRI.JK,115,-0.010492471075407295,0,94.9538,95.29209999999999,96.27201500000001,0.008421347356008487,-0.012708978633985013,116
BMRI.JK,116,0.0011776327788866059,0,94.8513,95.02714,96.12948,0.008420120603310204,-0.005905792392794429,117
BMRI.JK,117,-0.0069428590754974095,0,94.6152,94.86722,96.01268999999999,0.008302832212216836,-0.007629328338014774,118
BMRI.JK,118,-0.02279703360858354,0,95.065,94.8117,95.98305500000001,0.007905303199366063,0.005200204709156386,119
BMRI.JK,119,-0.024551970188480543,0,94.5138,94.79982,95.944795,0.007958091892248073,-0.004633832453256215,120
BMRI.JK,120,-0.01645211930926216,0,93.9575,94.60056,95.81303999999999,0.007339018524772908,-0.009423170794707114,121
BMRI.JK,121,-0.031167928561650182,0,94.963,94.6229,95.78508500000001,0.0074304671502772,0.003675942131919463,122
BMRI.JK,122,-0.018031403292737225,0,93.9583,94.49152,95.682445,0.007646217901936379,-0.011641508441592618,123
BMRI.JK,123,-0.009293008015259896,0,92.8978,94.05808,95.460125,0.007139026089914322,-0.017098032245026595,124
BMRI.JK,124,0.002683492184356373,0,92.1933,93.59398000000002,95.18654,0.007105621930448503,-0.018776574515073308,125
BMRI.JK,125,-0.012178111646036105,0,92.4117,93.28482,94.96198999999999,0.0070970890197276666,-0.02686625317228808,126
BMRI.JK,126,-0.002072753991165577,0,92.0032,92.69286,94.76674499999999,0.006882081429753663,-0.020808167027287494,127
BMRI.JK,127,0.0038639080639164547,0,92.2641,92.35401999999999,94.52608500000002,0.006180239902532856,-0.006821474781964709,128
BMRI.JK,128,0.017670547457746766,0,92.0345,92.18136,94.25792500000003,0.006034698827584008,-0.0017224679016805133,129
BMRI.JK,129,0.012417690476164589,0,92.4407,92.23083999999999,94.06733000000001,0.005862594460342024,0.00031381307778133305,130
BMRI.JK,130,0.03994356217745709,1,91.2863,92.00576,93.79581000000002,0.006065643459571392,-0.007792120274077496,131
BMRI.JK,131,0.03790006807351931,1,91.8125,91.96762,93.57763,0.00631060503464304,-0.004894644829353978,132
BMRI.JK,132,0.03485293768340947,1,92.6206,92.03892,93.43792,0.006611269454881535,0.0063682640748849995,133
BMRI.JK,133,0.038005227373671735,1,93.6608,92.36417999999999,93.35382999999999,0.007168083187199478,0.013198731727474877,134
BMRI.JK,134,0.02393881306056511,1,93.5886,92.59375999999999,93.30460000000001,0.00697511773462493,0.02522065194886869,135
BMRI.JK,135,0.02169012541529458,1,94.9326,93.32301999999999,93.30354,0.0076421510352904795,0.03398339006126605,136
BMRI.JK,136,0.03147057156829214,1,95.2922,94.01895999999999,93.32558500000002,0.0076807315968777734,0.028844555098973546,137
BMRI.JK,137,0.010607342613932147,0,95.8487,94.66457999999999,93.38726000000001,0.007745833337652458,0.023359826095869396,138
BMRI.JK,138,-0.015219028105212584,0,97.2204,95.3765,93.49503000000001,0.0082602734332895,0.03880600842410287,139
BMRI.JK,139,0.010152459067714448,0,95.829,95.82458,93.56079,0.008808820134799729,0.009442488670909688,140
BMRI.JK,140,0.0010464812968531412,0,96.9917,96.23639999999999,93.7125,0.00900536280389681,0.017834618153427018,141
BMRI.JK,141,-0.02499819413965254,0,98.2911,96.83617999999998,93.87890499999999,0.009158959467474493,0.025481827087900033,142
BMRI.JK,142,-0.009870397479388893,0,96.8654,97.03952,94.02426,0.009458536499345355,-0.0036514970109154943,143
BMRI.JK,143,0.0037027056385574575,0,95.7408,96.7436,94.16640999999998,0.009480724334685565,-0.0009203894436965454,144
BMRI.JK,144,-0.004631107447271243,0,96.8019,96.93817999999999,94.39683999999998,0.009454079227360964,-0.001956868474312645,145
BMRI.JK,145,0.0017797332871922755,0,97.0932,96.95847999999998,94.63091499999999,0.009454710466067651,-0.012187268226726555,146
BMRI.JK,146,0.012068785608447818,0,95.834,96.46706,94.822455,0.009939551128363701,-0.01064776483656693,147
BMRI.JK,147,0.011133435443695161,0,95.9093,96.27583999999999,95.004715,0.00994191502343295,0.001759960225943491,148
BMRI.JK,148,0.020099838389598723,1,96.0953,96.34674000000001,95.20775499999999,0.009888907316523497,-0.0072994435026586535,149
BMRI.JK,149,0.017393226615300295,0,96.3536,96.25708,95.40339999999999,0.009876826750572472,-0.00761742325930137,150
BMRI.JK,150,0.020605350276561074,1,97.266,96.29164,95.70238499999999,0.009400469196007927,0.014942504747793128,151
BMRI.JK,151,0.03844393167997717,1,96.9906,96.52296000000001,95.96128999999999,0.009470633766519212,0.011274193430668378,152
BMRI.JK,152,0.03050101518812176,1,96.9771,96.73652000000001,96.179115,0.009387055897894925,0.00917630726997043,153
BMRI.JK,153,0.025497108953878023,1,98.0268,97.12281999999999,96.39741500000001,0.009368212635699799,0.017365204828880154,154
BMRI.JK,154,0.03579432721782716,1,98.0295,97.458,96.61946000000002,0.00935663101080292,0.00784960829066672,155
BMRI.JK,155,0.027572222076715835,1,99.2702,97.85883999999999,96.83633999999999,0.009254186466349502,0.02350330856804672,156
BMRI.JK,156,0.014952447048381057,0,100.7193,98.60457999999998,97.107695,0.009634366172274844,0.03858849150985133,157
BMRI.JK,157,0.03455245909841409,1,99.935,99.19615999999999,97.31201,0.00987551835277002,0.01946610518756109,158
BMRI.JK,158,0.025555526817884422,1,100.5262,99.69604000000001,97.47729999999999,0.009521260505712783,0.025468863964418942,159
BMRI.JK,159,0.00515863949008466,0,101.5384,100.39782,97.76276999999999,0.008933419440228981,0.022848750178804833,160
BMRI.JK,160,-0.01348432906272401,0,102.0073,100.94523999999998,98.01354999999998,0.008693572727496,0.012788015802333685,161
BMRI.JK,161,-0.030142244630243176,0,102.2253,101.24643999999999,98.21025999999999,0.008330685017171359,0.022917896632811408,162
BMRI.JK,162,-0.04922718303865048,0,103.388,101.93704,98.53639,0.007648642341072833,0.02846820032986419,163
BMRI.JK,163,-0.04474796110779178,0,103.0952,102.45084,98.90410999999999,0.007005723456546565,0.015332130504321695,164
BMRI.JK,164,-0.037254732898173826,0,102.0622,102.55559999999998,99.167125,0.0073973065605770945,0.000538196776113109,165
BMRI.JK,165,-0.02555752754099594,0,100.6318,102.2805,99.344055,0.008241392252942981,-0.015588117618632658,166
BMRI.JK,166,-0.013796094569515027,0,99.144,101.66424,99.509555,0.008412087178847562,-0.04104925136379467,167
BMRI.JK,167,-0.010399955238381109,0,98.2985,100.64634,99.62901500000001,0.008704447756225258,-0.04652689940947785,168
BMRI.JK,168,-0.010879156474438378,0,98.4819,99.72368,99.748345,0.008704179159186956,-0.03507958872138761,169
BMRI.JK,169,-0.017309197342964988,0,98.2599,98.96322,99.84366000000001,0.008730395827593603,-0.023570084207974018,170
BMRI.JK,170,-0.006046304350708076,0,98.0599,98.44883999999999,99.88335500000001,0.008531357220160025,-0.010934600177519682,171
BMRI.JK,171,-0.0056107723556448885,0,97.7762,98.17528,99.922635,0.00853255212596657,-0.005313407630838762,172
BMRI.JK,172,0.0010722047119438027,0,97.2762,97.97082,99.93759000000001,0.00861788362104327,-0.012242858840050719,173
BMRI.JK,173,-0.009542092484896458,0,97.4105,97.75654,99.90677500000001,0.00827421157615344,-0.008644421579912076,174
BMRI.JK,174,0.004786705758442089,0,96.5591,97.41638,99.833255,0.008476059462081286,-0.015304930965664876,175
BMRI.JK,175,-0.010013645644166735,0,97.467,97.2978,99.74309500000001,0.008245858167187144,-0.0031623237556788197,176
BMRI.JK,176,-0.020329618338825517,0,97.2276,97.18808,99.56851,0.007443786058976401,-0.0004996083317400091,177
BMRI.JK,177,-0.02823973998901219,0,97.3805,97.20894,99.440785,0.007342103201977559,-0.00030797501296064844,178
BMRI.JK,178,-0.012324706418880393,0,96.481,97.02304,99.238525,0.007343638220703874,-0.0008088310682267119,179
BMRI.JK,179,-0.011116115739533416,0,97.0213,97.11547999999999,99.01267,0.007033714233475468,-0.004572829778283993,180
BMRI.JK,180,0.0031692074908540313,0,96.491,96.92027999999999,98.73685499999999,0.0068832861240784365,-0.0075760380797221805,181
BMRI.JK,181,0.010659205677630679,0,95.251,96.52496,98.38814,0.00712194364780777,-0.021867827747855006,182
BMRI.JK,182,0.02790643608561716,1,94.6305,95.97495999999998,97.95026499999999,0.00626993083709535,-0.019179942164778474,183
BMRI.JK,183,0.03273205802381951,1,95.2919,95.73713999999998,97.5601,0.006740162008223303,-0.01782495184047217,184
BMRI.JK,184,0.011647565007483651,0,95.9428,95.52144000000001,97.25413,0.006972288987764316,-0.005681358883211862,185
BMRI.JK,185,-0.0054299315679858795,0,96.7968,95.58260000000001,97.06238,0.0069611934703238025,0.016228701011012925,186
BMRI.JK,186,-0.0060467681836737786,0,96.2663,95.78566,96.918495,0.006371623828385357,0.017286181516530164,187
BMRI.JK,187,-0.01680146147938799,0,97.2713,96.31381999999999,96.867135,0.006653132323758276,0.020771964878441906,188
BMRI.JK,188,-0.0298228856530266,0,98.411,96.93764,96.86359,0.007155910461874131,0.025725744923016602,189
BMRI.JK,189,-0.016385690132834974,0,97.0603,97.16114,96.80361,0.0077479664697061145,0.0027221974280140504,190
BMRI.JK,190,-0.002754717921870653,0,96.2712,97.05601999999999,96.71417500000001,0.007917065228355303,5.090047088129879e-05,191
BMRI.JK,191,0.01461892350043148,0,95.6842,96.9396,96.60957499999999,0.007988108449914405,-0.01631622071464034,192
BMRI.JK,192,0.021150809833014428,1,95.637,96.61274,96.527615,0.007933839153313856,-0.02818790582353603,193
BMRI.JK,193,0.03478985840435467,1,95.4761,96.02576000000002,96.43089499999999,0.007919472963142408,-0.01632181231667318,194
BMRI.JK,194,0.04976018619481115,1,95.4699,95.70768,96.376435,0.007717048934814954,-0.008323361503751903,195
BMRI.JK,195,0.04958023456867289,1,96.006,95.65464,96.30338500000002,0.007514636742177419,0.0033631466846144598,196
BMRI.JK,196,0.05126747216299443,1,97.083,95.93439999999998,96.29615500000003,0.007936402156461145,0.015119671256940359,197
BMRI.JK,197,0.046774619649026405,1,97.6598,96.33896,96.31012000000001,0.00803733864957107,0.022871692496865714,198
BMRI.JK,198,0.022260639670761417,1,98.7977,97.00328,96.42595500000002,0.00810329037015924,0.03485705965964159,199
BMRI.JK,199,0.011511616884769094,0,100.2205,97.95340000000002,96.585915,0.00855555844631164,0.04389829802304024,200
BMRI.JK,200,-0.002212055653692757,0,100.766,98.90540000000001,96.799665,0.008430702955027765,0.037936610941153415,201
BMRI.JK,201,-0.019094612787354803,0,102.0602,99.90084,97.140125,0.007984359480761052,0.04505845803493336,202
BMRI.JK,202,-0.02506558881243648,0,102.2278,100.81444,97.51999,0.00766484695006334,0.03471841955835009,203
BMRI.JK,203,-0.014299434636672381,0,100.997,101.2543,97.805245,0.008370631502251879,0.007747915845560449,204
BMRI.JK,204,-0.026274929913133738,0,101.3742,101.48504,98.07681500000001,0.008325880691242226,0.006035766032193468,205
BMRI.JK,205,-0.024291075170747578,0,100.5431,101.44046,98.26413000000001,0.008530076774272874,-0.01486475629089501,206
BMRI.JK,206,-0.030537980689511968,0,100.1114,101.0507,98.456385,0.008482262509591007,-0.02070278339160192,207
BMRI.JK,207,-0.03407300828572413,0,99.6654,100.53822,98.57609,0.008361235274830365,-0.013184550036139608,208
BMRI.JK,208,-0.025145450454432283,0,99.5528,100.24938,98.63318000000001,0.008019041678785843,-0.017967096164507312,209
BMRI.JK,209,-0.02251429937615612,0,98.7106,99.71665999999999,98.71569500000001,0.0076206667451135775,-0.018226014515168032,210
BMRI.JK,210,-0.02339124655456437,0,98.1008,99.2282,98.807175,0.0075165185408337465,-0.020083626839700552,211
BMRI.JK,211,-0.0080923854918179,0,97.0542,98.61676,98.87567499999999,0.00779238613395889,-0.026199664075998386,212
BMRI.JK,212,-0.004284846187006197,0,96.2695,97.93758,98.9073,0.008024735340527629,-0.03298048874567072,213
BMRI.JK,213,-0.014563702028346337,0,97.0495,97.43691999999999,98.98597,0.008181920819478277,-0.016827979973781937,214
BMRI.JK,214,0.004627508856005269,0,96.4882,96.99243999999999,99.03688500000001,0.00830789166720931,-0.016438194183941435,215
BMRI.JK,215,0.008092386601688206,0,95.8061,96.5335,99.02689000000001,0.00838198699049019,-0.012859824716498602,216
BMRI.JK,216,-0.002524182289589061,0,96.2688,96.37642,98.98618000000002,0.008061358297972844,-7.27125413546581e-06,217
BMRI.JK,217,-0.0011986605047101806,0,95.857,96.29392,98.89604,0.007967264170140546,-0.012287543985285865,218
BMRI.JK,218,0.0026653115298511665,0,95.6361,96.01124000000002,98.73796,0.007430507917279381,-0.008831131682423443,219
BMRI.JK,219,-0.017605666495073558,0,96.9347,96.10054000000001,98.57367,0.007343607470442649,0.011780043233155402,220
BMRI.JK,220,-0.004902600293638315,0,96.5814,96.2556,98.36444,0.007170496223971943,0.0032471579577184606,221
BMRI.JK,221,0.0013246440019245576,0,96.0258,96.207,98.06271999999998,0.006329794436474498,0.0017609564246743314,222
BMRI.JK,222,0.009581991621240737,0,95.7421,96.18402,97.73843500000001,0.006239045059203122,0.0011083680743986246,223
BMRI.JK,223,0.004786684881792791,0,95.891,96.235,97.48313499999999,0.005979840210483546,-0.01076704214280333,224
BMRI.JK,224,0.013660883709745386,0,95.2281,95.89367999999999,97.17583,0.0058675164095539365,-0.01401201473575664,225
BMRI.JK,225,0.009296842403173855,0,96.1079,95.79898,96.95407,0.006323706723320464,0.0008549785578457758,226
BMRI.JK,226,0.012743232140442817,0,96.153,95.82442,96.75615,0.006331308477596561,0.0042917379084019824,227
BMRI.JK,227,0.0029857385978615536,0,96.6595,96.00789999999999,96.605855,0.006494918112746086,0.008014307912108443,228
BMRI.JK,228,-0.00269538142189929,0,96.35,96.09970000000001,96.44571499999999,0.006504563532577693,0.0117811864355164,229
BMRI.JK,229,-0.011094075355592592,0,96.529,96.35988,96.336635,0.006348319137851427,0.004381533672049853,230
BMRI.JK,230,-0.001997909308525503,0,97.0014,96.53858,96.281665,0.0063638237739134206,0.008823437646251264,231
BMRI.JK,231,0.00755609822722314,0,97.3783,96.78363999999999,96.29787,0.0059852368962773515,0.007436413389268592,232
BMRI.JK,232,0.008195106453865453,0,96.9481,96.84136,96.33180000000002,0.005781790560727695,0.006207576543850513,233
BMRI.JK,233,0.025211701909558126,1,96.0903,96.78941999999999,96.28384000000003,0.005828083605868358,-0.00454474821038231,234
BMRI.JK,234,0.04712119767730538,1,95.4581,96.57524000000001,96.232335,0.005866737281824999,-0.015910079648335018,235
BMRI.JK,235,0.03752804531875609,1,96.8076,96.53648,96.28241000000001,0.0064722351864836235,-0.005860648625001685,236
BMRI.JK,236,0.019109383870412167,0,98.1141,96.68364,96.37467500000001,0.007012410902583698,0.012027053650355057,237
BMRI.JK,237,0.016595629745883578,0,97.7426,96.84254,96.46895500000001,0.006994812030503796,0.017195284019302592,238
BMRI.JK,238,-0.004276597278123018,0,98.5129,97.32705999999999,96.612795,0.0071056724767544965,0.032001474992693124,239
BMRI.JK,239,-0.0048431212871237195,0,99.9562,98.22667999999999,96.76387000000001,0.00719996776798765,0.03252430594292188,240
BMRI.JK,240,-0.006325131470739875,0,100.4406,98.95327999999999,96.95683,0.007130449141112963,0.023712188156442382,241
BMRI.JK,241,-0.008213903529388333,0,99.989,99.32826,97.15498999999998,0.007067242740724258,0.022982814044234745,242
BMRI.JK,242,-0.0029980465899861475,0,99.3647,99.65267999999999,97.33612000000001,0.007218422818664241,0.00864658334086199,243
BMRI.JK,243,0.005931190846107048,0,98.0916,99.56841999999999,97.44615,0.007898370981198072,-0.018654170526690605,244
BMRI.JK,244,-0.001783414645915693,0,99.4721,99.4716,97.65835000000001,0.008145511841379485,-0.009642515078563951,245
BMRI.JK,245,-0.01345018751509186,0,99.8053,99.34454,97.84322,0.007991285133212166,-0.0018372020922301502,246
BMRI.JK,246,-0.017638807797296874,0,99.1677,99.18028,97.993955,0.008190855503381831,-0.001982595428758893,247
BMRI.JK,247,-0.008878857498172965,0,99.0668,99.1207,98.11431999999999,0.008163801519507324,0.00994172793592929,248
BMRI.JK,248,0.004192619287467503,0,98.6734,99.23706000000001,98.23049,0.008186527107530452,-0.00802938713468393,249
BMRI.JK,249,0.011812312238216105,0,99.2947,99.20158,98.368775,0.008260492391487703,-0.005115960775630146,250
BMRI.JK,250,0.00750231813200708,0,98.4629,98.9331,98.44184999999999,0.008486909993791675,-0.007107152833029207,251
BMRI.JK,251,0.017826182911869992,0,97.4185,98.58326,98.44386,0.00880393416042454,-0.016638268319961957,252
BMRI.JK,252,-0.005263415190574827,0,98.1872,98.40734,98.50581500000001,0.00889914773861092,-0.004927366443235881,253
BMRI.JK,253,-0.012748379960661027,0,99.0871,98.49008,98.655655,0.00880078852950323,-0.0020907460317619586,254
BMRI.JK,254,-0.016460032886223996,0,100.4676,98.72466,98.90612999999999,0.008983971771370678,0.020359952835027118,255
BMRI.JK,255,-0.011318365832809096,0,99.2016,98.8724,99.02583000000001,0.009155619136035907,0.018303504981086904,256
BMRI.JK,256,-0.007071749209067391,0,99.1551,99.21972,99.07788000000001,0.00871820569954316,0.00985770039271916,257
BMRI.JK,257,0.016743045999606743,0,97.6704,99.11636000000001,99.07427,0.009317760664785032,-0.014297522079059766,258
BMRI.JK,258,0.02543345746796022,1,97.8239,98.86371999999999,99.03982,0.009151135590052917,-0.026313955942015244,259
BMRI.JK,259,0.016578639240026005,0,98.8139,98.53298,98.982705,0.008828392126988903,-0.003908203093498486,260
BMRI.JK,260,0.03309787640142425,1,98.0788,98.30842,98.864615,0.008859916059869306,-0.01085471145710104,261
BMRI.JK,261,0.017935297636761938,0,98.4539,98.16818,98.78786000000001,0.008888323509914666,0.008021877662014232,262
BMRI.JK,262,0.021770150152508938,1,99.3057,98.49524,98.78491000000001,0.009018540781352356,0.015147627522517526,263
BMRI.JK,263,0.01728209713902351,0,100.3119,98.99283999999999,98.895925,0.008770293673337752,0.015159810512488603,264
BMRI.JK,264,0.005256236554536775,0,100.4521,99.32048,98.94492499999998,0.008257051807725919,0.024197889859990163,265
BMRI.JK,265,-0.014516654330125833,0,101.325,99.96972,99.02091,0.008428647785870541,0.029161871698327735,266
BMRI.JK,266,0.003960299222607988,0,100.2197,100.32288,99.07351,0.00867512986227163,0.00920390269642124,267
BMRI.JK,267,0.001940520915050703,0,101.4676,100.75525999999999,99.19354999999999,0.009041192231579023,0.011521065795783159,268
BMRI.JK,268,-0.007833760430396297,0,102.0455,101.10198,99.362155,0.009008074655300319,0.01586228660227107,269
BMRI.JK,269,-0.0030431738530660724,0,100.9801,101.20758,99.446425,0.00931640386944705,-0.0034038983469035777,270
BMRI.JK,270,0.004853080644660501,0,99.8541,100.9134,99.51598499999999,0.009472584538404438,-0.0036479853761286485,271
BMRI.JK,271,0.008678488440277299,0,100.6166,100.99278000000001,99.67589000000001,0.009210087088989185,-0.008386913655196282,272
BMRI.JK,272,0.011683527681737527,0,101.6645,101.03216,99.849755,0.00931135327337718,-0.003733628626445995,273
BMRI.JK,273,0.013405948476040042,0,101.2461,100.87228000000002,99.95770500000002,0.009234602737410336,0.0026341823785083207,274
BMRI.JK,274,0.021413927098481444,1,100.6728,100.81082,99.967965,0.008855081493360346,0.008198962285975053,275
BMRI.JK,275,0.02165963880337296,1,100.3387,100.90774,100.02482000000002,0.008406975583433179,-0.0027619696948615324,276
BMRI.JK,276,0.02217562750148283,1,101.4898,101.08238,100.14155500000001,0.008727393118992642,-0.0017183972773190392,277
BMRI.JK,277,0.0026124841155714673,0,102.8523,101.31994,100.40065000000001,0.008278747231035924,0.01586431477360617,278
BMRI.JK,278,0.012389452981090399,0,102.6034,101.5914,100.639625,0.008349483947386062,0.01917697729674739,279
BMRI.JK,279,0.015442201877687856,0,102.8286,102.02256000000001,100.84036,0.008160694030737936,0.02481495175839421,280
BMRI.JK,280,0.016767793038863887,0,102.512,102.45722,101.06201999999999,0.007960693263818094,0.010071948116953555,281
BMRI.JK,281,0.010439520186928286,0,103.7404,102.90734,101.326345,0.008235489750857913,0.008634712106583953,282
BMRI.JK,282,0.02344430329418845,1,103.121,102.96108,101.51710999999999,0.008319080441551989,0.005044667135786884,283
BMRI.JK,283,0.02025615501768474,1,103.8746,103.21531999999999,101.695245,0.008201639218136507,0.010172267248605982,284
BMRI.JK,284,0.01672053746294888,0,104.4165,103.5329,101.89346500000002,0.008234905319041332,0.01857831278289379,285
BMRI.JK,285,0.020567797073612448,1,104.2309,103.87668,102.03876000000001,0.00812313690367973,0.004728148339509186,286
BMRI.JK,286,0.011908600560561755,0,104.8234,104.09328000000001,102.268945,0.0076525016656086055,0.016508761551963236,287
BMRI.JK,287,0.00312681805519488,0,105.5386,104.5768,102.47249500000001,0.007371490860702983,0.016019315597845862,288
BMRI.JK,288,-0.01011429655204299,0,105.9787,104.99762000000001,102.669155,0.007340646393829652,0.014961236969252889,289
BMRI.JK,289,-0.010638418121670212,0,106.1624,105.3468,102.92827000000003,0.0067733085827391135,0.018530973060771894,290
BMRI.JK,290,-0.013090518704165555,0,106.3747,105.77556,103.25430000000001,0.006008618536488214,0.014799176519746604,291
BMRI.JK,291,-0.004135881672491459,0,106.0717,106.02522000000002,103.52705499999999,0.006054674249227511,0.005051232440073994,292
BMRI.JK,292,-0.014390480274604545,0,105.8686,106.09121999999999,103.73725999999999,0.005858383307542455,-0.001038888002966698,293
BMRI.JK,293,-0.00016395505343791417,0,104.9068,105.87684000000002,103.92029500000001,0.006209274842034876,-0.011827162912669609,294
BMRI.JK,294,0.004285319851855984,0,105.033,105.65096000000001,104.13830499999999,0.005972682862776419,-0.012612961540667156,295
TLKM.JK,20,-0.003912351397758362,0,100.5789,101.02578000000001,101.21944,0.008999661718000315,-0.01718431659948705,21
TLKM.JK,21,-0.021156767938712018,0,101.0315,100.76458,101.32536000000002,0.009031927649707984,-0.001729137950625792,22
TLKM.JK,22,-0.029801217348839004,0,101.9757,100.91842,101.489355,0.009170477650908521,0.020214055897041838,23
TLKM.JK,23,-0.01656321203797606,0,101.8643,101.30024,101.586045,0.00884036556415338,0.008050406330281534,24
TLKM.JK,24,0.0001686462763397234,0,100.8027,101.25062,101.5875,0.00900090869164665,0.002225118787340108,25
TLKM.JK,25,0.01629978020749534,0,100.1854,101.17192000000001,101.507255,0.008788288952862367,-0.008374615837634769,26
TLKM.JK,26,0.018067830202034507,0,98.894,100.74442,101.41957,0.0088943198310614,-0.030219944555418543,27
TLKM.JK,27,0.026456309943630574,1,98.9367,100.13662,101.37158500000001,0.00876577339296,-0.02874019651634574,28
TLKM.JK,28,0.0194355795885488,0,100.1771,99.79918,101.40703,0.00915526659797917,-0.006206182969305418,29
TLKM.JK,29,0.005767721982906204,0,100.8197,99.80258,101.41259,0.008845951488057648,0.006331261840547553,30
TLKM.JK,30,-0.0031595468009710803,0,101.8184,100.12917999999999,101.41878000000001,0.008852242466002736,0.029571055878010677,31
TLKM.JK,31,0.0007935971903281214,0,100.6808,100.48653999999999,101.33436000000002,0.009043729021105043,0.017628443236938462,32
TLKM.JK,32,0.0027108676942952936,0,101.5542,101.01003999999999,101.22204000000002,0.008676752911902482,0.013746654674571257,33
TLKM.JK,33,-0.013724478355256031,0,102.1241,101.39944,101.13657,0.008794572047255953,0.012937947643169023,34
TLKM.JK,34,-0.005580801805106783,0,101.4012,101.51574000000001,101.003525,0.00886894521961222,-0.004097491219661631,35
TLKM.JK,35,0.005498700942986323,0,101.4967,101.4514,100.94457,0.008432694414237869,0.008103829131274276,36
TLKM.JK,36,0.017255735619145174,0,100.7607,101.46737999999999,100.86573,0.008540681054630581,-0.007813561625220733,37
TLKM.JK,37,0.018524101561924633,0,101.8295,101.52244,100.89688,0.008537630155491277,-0.00288472554470498,38
TLKM.JK,38,0.029059048375487118,1,100.7225,101.24212,100.93524500000001,0.008432090198674693,-0.006693214675960513,39
TLKM.JK,39,0.0376832319634095,1,100.8353,101.12894,100.92447000000001,0.008082388639307214,-0.006516468023098243,40
TLKM.JK,40,0.024708293975393758,1,102.0548,101.24055999999999,100.99826500000002,0.008424333553213672,0.012843301009222818,41
TLKM.JK,41,0.009111272846475282,0,102.4994,101.58829999999999,101.07165999999998,0.008421209944874065,0.006578643713265775,42
TLKM.JK,42,0.00856667932947519,0,103.7158,101.96556,101.15866500000001,0.008566488210621637,0.029718285388071308,43
TLKM.JK,43,0.023969265620447322,1,103.6494,102.55094,101.24792,0.008561839857527067,0.027907885432978397,44
TLKM.JK,44,0.02744394567406161,1,104.6351,103.31089999999999,101.43954,0.008342550376061053,0.025283475152565016,45
TLKM.JK,45,0.03545733071706425,1,104.5764,103.81522,101.65908999999999,0.00816108190915408,0.020263533249950783,46
TLKM.JK,46,0.061331312062943066,1,103.4333,104.00200000000002,101.88605499999998,0.007989542787115873,-0.0027237894322754697,47
TLKM.JK,47,0.06439601431298714,1,104.6043,104.1797,102.169435,0.008213074807166399,0.009212788496604896,48
TLKM.JK,48,0.05696394551028994,1,106.1338,104.67657999999999,102.46726999999998,0.00834780986084111,0.014323109549281288,49
TLKM.JK,49,0.033183048126302905,1,107.5067,105.2509,102.80162,0.00860116102005742,0.02802066240566692,50
TLKM.JK,50,0.026343591505332276,1,108.2844,105.99249999999999,103.12492,0.008517133703534093,0.0469007563328252,51
TLKM.JK,51,-0.0017234939923663761,0,109.777,107.26124,103.57973,0.008152150059197527,0.04945016600656005,52
TLKM.JK,52,-0.0212905647904984,0,111.3404,108.60846,104.06904,0.008386140558596373,0.04905694510137204,53
TLKM.JK,53,-0.02312898245313766,0,112.1796,109.81761999999999,104.57181499999999,0.008407703273461447,0.043466128157593875,54
TLKM.JK,54,-0.023487923827426926,0,111.0741,110.5311,105.05546,0.008621893457884255,0.025762713742699672,55
TLKM.JK,55,-0.03407596030124982,0,111.137,111.10162,105.537475,0.00863025109246124,0.012388751742168136,56
TLKM.JK,56,-0.014041709022354576,0,109.5878,111.06378,105.97882999999999,0.009193576259323316,-0.01574091704358882,57
TLKM.JK,57,-0.007975596930895446,0,108.9699,110.58968,106.33584999999998,0.009312907505698116,-0.02861215408149076,58
TLKM.JK,58,-0.02761691837386504,0,109.585,110.07075999999999,106.77897500000002,0.008720938635709097,-0.013406365660401542,59
TLKM.JK,59,-0.027345176148663275,0,108.4652,109.54898,107.16047,0.009258818775702029,-0.02404059854054008,60
TLKM.JK,60,-0.030421080969800673,0,107.3499,108.79156,107.42522500000003,0.009524646709425494,-0.020421068768603723,61
TLKM.JK,61,-0.023261668317152484,0,108.049,108.4838,107.70270500000001,0.009556314116617077,-0.008450957558004402,62
TLKM.JK,62,-0.021893454997557904,0,108.1008,108.30998000000002,107.92195500000003,0.009328822872084716,-0.013543824428525642,63
TLKM.JK,63,-0.014261636320296978,0,106.5586,107.7047,108.06741499999998,0.009980085198757925,-0.017577988147350454,64
TLKM.JK,64,0.008394376450247876,0,105.4992,107.1115,108.11062000000001,0.010092933795313437,-0.01723988564497969,65
TLKM.JK,65,0.02785533250964134,1,104.0842,106.45836000000001,108.08600999999999,0.010536951876590855,-0.03669446269748,66
TLKM.JK,66,0.008105321806101573,0,105.5356,105.95568,108.19112500000001,0.010661959512266624,-0.02372970412799913,67
TLKM.JK,67,0.020186486667971737,1,105.7341,105.48234,108.24761500000002,0.010403209625233589,-0.007737526581617971,68
TLKM.JK,68,0.011682338638352219,0,105.0389,105.17839999999998,108.19287,0.00999143554608623,-0.004363066260218096,69
TLKM.JK,69,0.01164828058143641,0,106.3848,105.35552,108.13677499999999,0.00998327013951403,0.02210325870785379,70
TLKM.JK,70,0.011623287703243834,0,106.9835,105.93538000000001,108.07172999999997,0.009927236857336394,0.01371954108376694,71
TLKM.JK,71,0.017430045774548653,0,106.391,106.10646,107.90243000000001,0.009411593047336615,0.006212754447240787,72
TLKM.JK,72,-0.0033114393914812634,0,107.8685,106.53334,107.728835,0.009382207386809864,0.02693859132188159,73
TLKM.JK,73,0.02571942107541436,1,106.266,106.77875999999999,107.43315500000001,0.009566667733602152,-0.0011167008820808233,74
TLKM.JK,74,0.019420389504199775,0,107.624,107.0266,107.26065000000001,0.00997832604180227,0.0059869045226599304,75
TLKM.JK,75,0.02860746394153013,1,108.227,107.27529999999999,107.11515000000001,0.010090888955596258,0.01725709881474935,76
TLKM.JK,76,0.02141707638384638,1,108.2454,107.64618,107.04803,0.009665038178745467,0.0034940691675513502,77
TLKM.JK,77,0.022880385596676822,1,107.5113,107.57473999999999,106.9751,0.009698178408737552,0.011718705888995595,78
TLKM.JK,78,-0.0014440486205848924,0,108.9991,108.12136000000001,106.94580500000002,0.01011841534836597,0.012776889913030498,79
TLKM.JK,79,-0.008060039684962939,0,109.7141,108.53938000000001,107.00825000000002,0.009948512220766833,0.013740563814944595,80
TLKM.JK,80,-0.01966078918032288,0,111.3231,109.1586,107.20691,0.010066382708067142,0.028432616998043336,81
TLKM.JK,81,-0.027417678677540525,0,110.5637,109.62226000000001,107.332645,0.0101777449820779,0.02839143420273027,82
TLKM.JK,82,-0.024193607053483168,0,109.9712,110.11424,107.426165,0.010277543445560247,0.008918422262202075,83
TLKM.JK,83,-0.01514860572740051,0,108.8417,110.08276000000001,107.54032,0.010016097654755158,-0.007951575959698864,84
TLKM.JK,84,-0.002983557812290427,0,108.8298,109.9059,107.70685,0.009697780455980791,-0.022396968823182206,85
TLKM.JK,85,-0.017275945989532193,0,109.1344,109.46816000000001,107.95935999999999,0.009065841024772594,-0.012927389369205233,86
TLKM.JK,86,0.005225406691756751,0,107.5323,108.86188,108.05919499999997,0.009386185366175553,-0.022177624687190756,87
TLKM.JK,87,0.005685365658192332,0,107.3106,108.32976000000001,108.13801999999998,0.009406607692336798,-0.014067218722236152,88
TLKM.JK,88,-0.005419202204623663,0,107.1929,108.0,108.24572,0.009267044983274842,-0.015040917101749818,89
TLKM.JK,89,-0.007002435830205211,0,108.5051,107.93506,108.35173499999999,0.009231545403591546,-0.005766284507909503,90
TLKM.JK,90,0.008039235797070443,0,107.249,107.55798,108.36500999999998,0.009558779682725733,-0.0026345572446605514,91
TLKM.JK,91,-0.013278233244706894,0,108.0942,107.67036,108.45017,0.009605426509744022,0.007302167726207953,92
TLKM.JK,92,-0.017111638453049305,0,107.9207,107.79238000000001,108.45278,0.009135213211298163,0.006789628790712765,93
TLKM.JK,93,-0.008264548080891387,0,106.612,107.6762,108.47008000000001,0.00892933294150589,-0.01744710617288958,94
TLKM.JK,94,-0.029872300694322562,0,107.7453,107.52424,108.476145,0.008789167192213095,0.004627548974815765,95
TLKM.JK,95,-0.046004484271749746,0,108.1112,107.69667999999999,108.470355,0.008732999185744765,0.00015727023281542074,96
TLKM.JK,96,-0.02472086248779992,0,106.6589,107.40961999999999,108.39103,0.009208856073472115,-0.011691918232554,97
TLKM.JK,97,-0.02647020004902234,0,106.074,107.04028000000001,108.31916500000003,0.009170227787366063,-0.005046336247326755,98
TLKM.JK,98,-0.024629507551718555,0,105.7309,106.86406,108.155755,0.008557769762766952,-0.018695943117704394,99
TLKM.JK,99,-0.0007777917029810899,0,104.5267,106.22034000000001,107.89638499999998,0.008608141221370597,-0.03315567674764497,100
TLKM.JK,100,0.003496300088425386,0,103.1376,105.22562,107.48711,0.00797276200780628,-0.033014591374934454,101
TLKM.JK,101,-0.016336897316149845,0,104.0222,104.69828,107.160035,0.008375171731054957,-0.019343100099930233,102
TLKM.JK,102,0.0011329941452284942,0,103.2662,104.13672000000001,106.82478499999999,0.008412193123565222,-0.02331106611217726,103
TLKM.JK,103,-0.00257837923798665,0,103.1268,103.61590000000001,106.53904,0.00825545909879166,-0.013392750369044526,104
TLKM.JK,104,-0.016791548502854248,0,104.4454,103.59964,106.31982,0.00890727420395588,0.012680147686197962,105
TLKM.JK,105,-0.015083354106641411,0,103.4982,103.67175999999999,106.03801000000001,0.008962004862470995,-0.005037386250242748,106
TLKM.JK,106,0.005928297505541247,0,102.3228,103.33188,105.77753500000001,0.008765275575618342,-0.009135612620586375,107
TLKM.JK,107,-0.009004364345464366,0,103.3832,103.35528,105.58116500000001,0.009199724826145339,0.0024862596337711373,108
TLKM.JK,108,0.0083501116556437,0,102.8609,103.3021,105.364565,0.009224528116203147,-0.015170605885946209,109
TLKM.JK,109,-0.003898079297624979,0,102.6916,102.95134,105.07389,0.008628448185093736,-0.007793372251884589,110
TLKM.JK,110,0.011453141201780426,0,101.9371,102.63912,104.808295,0.00845877769860767,-0.003769443369415204,111
TLKM.JK,111,-0.004714882239670981,0,102.9294,102.76043999999999,104.550055,0.008581292718202174,-0.004389494618081136,112
TLKM.JK,112,-0.012484834405865008,0,102.4523,102.57426000000001,104.27663500000001,0.008592518111839911,-0.003972354898703068,113
TLKM.JK,113,-0.01145875715147937,0,103.7198,102.74604,104.132025,0.008882677326094962,0.010012503456952704,114
TLKM.JK,114,-0.012560207955124247,0,102.2913,102.66598000000002,103.85932500000001,0.00883121336048382,0.003474691746184755,115
TLKM.JK,115,-0.026623448420342144,0,103.1046,102.89948,103.60899500000001,0.009038049472414935,0.0017021375816821394,116
TLKM.JK,116,-0.023394221824390105,0,102.4441,102.80242000000001,103.39825500000002,0.008730828670010076,-8.003724660143874e-05,117
TLKM.JK,117,-0.001257249943660832,0,101.1732,102.54659999999998,103.153215,0.008996193382042512,-0.024552689071903444,118
TLKM.JK,118,-0.005254980674194054,0,102.5313,102.30890000000001,102.993235,0.00962247610240572,0.0023462405893754923,119
TLKM.JK,119,0.007810388440347982,0,101.0065,102.05194,102.81722500000001,0.009829322488314767,-0.020349237570389755,120
TLKM.JK,120,0.007461169633996123,0,100.3596,101.50294,102.678325,0.00953218643744398,-0.020347682296979586,121
TLKM.JK,121,0.022676228791324027,1,100.0475,101.02362000000001,102.47959,0.009262029599765177,-0.011126464320590723,122
TLKM.JK,122,0.0029343071472398563,0,101.046,100.99818,102.36858,0.009521734781529538,-0.014486308083482724,123
TLKM.JK,123,-0.008266294090251813,0,101.9925,100.89042,102.311865,0.009787117939133345,0.009761748006316573,124
TLKM.JK,124,-0.016472257096096676,0,101.7954,101.0482,102.17936499999999,0.0093013552413788,0.014306553633135266,125
TLKM.JK,125,-0.0038216409319108413,0,101.1084,101.19796,102.059875,0.009217091558289573,0.01060396311751921,126
TLKM.JK,126,-0.013786673078163503,0,102.3162,101.65169999999999,102.059545,0.009322267625439999,0.012570512439878723,127
TLKM.JK,127,-0.0011278584996422536,0,101.3425,101.71099999999998,101.95751,0.009227945418019714,-0.006373017623844901,128
TLKM.JK,128,-0.007444433679290263,0,101.1494,101.54238000000001,101.871935,0.009183447143702563,-0.006346062788691875,129
TLKM.JK,129,-0.004256951255810604,0,100.1186,101.20702000000001,101.743285,0.00940902955005304,-0.009789493256742277,130
TLKM.JK,130,-0.0187774269772244,0,100.722,101.12974,101.68253,0.009425301106239677,-0.015581110322705483,131
TLKM.JK,131,-0.006672573177306407,0,100.9056,100.84761999999999,101.58134000000001,0.009147071046565456,-0.00431112317142357,132
TLKM.JK,132,-0.02171825637519975,0,101.2282,100.82476,101.52013500000001,0.009148598431417592,0.0007790456493068643,133
TLKM.JK,133,-0.008750313756270223,0,100.3964,100.67416,101.353965,0.00878689254559116,0.0027747091948948643,134
TLKM.JK,134,0.004947217641465107,0,99.6924,100.58892,101.22402,0.008434646286659318,-0.010222195746708684,135
TLKM.JK,135,0.02693393854338777,1,98.8307,100.21066,101.01032500000001,0.008303897462111468,-0.020562783433228815,136
TLKM.JK,136,0.0028443924762775463,0,100.2323,100.076,100.89973499999999,0.008954430361755153,-0.009838167625227046,137
TLKM.JK,137,0.007393741473517457,0,99.0297,99.63629999999999,100.79256,0.008928987236052318,-0.013613037917694193,138
TLKM.JK,138,0.0030034797760001286,0,99.5179,99.4606,100.64188999999999,0.008418846217322008,-0.0017503841817431143,139
TLKM.JK,139,-0.009259813785613802,0,100.1856,99.55924,100.600845,0.00800282712898527,0.013709302878559093,140
TLKM.JK,140,-0.013404918191079918,0,101.4926,100.09162,100.65749500000001,0.008383877609936249,0.012573791083313468,141
TLKM.JK,141,0.0061581377950483684,0,100.5174,100.14864,100.68099000000001,0.008643159750969692,0.015022765897503287,142
TLKM.JK,142,0.02648004899666101,1,99.7619,100.29508000000001,100.616785,0.008500498706021547,0.0024518202253061006,143
TLKM.JK,143,0.031475663415377,1,99.8168,100.35486,100.50800000000001,0.008195146010768673,-0.003681167752651038,144
TLKM.JK,144,0.03682729535885798,1,99.2579,100.16932,100.381125,0.008253777601406963,-0.022018354047487088,145
TLKM.JK,145,0.038187554240847854,1,100.1321,99.89721999999999,100.33231,0.008427947833268818,-0.0038331671929436872,146
TLKM.JK,146,0.015002511459771162,0,101.1364,100.02102,100.27332000000001,0.00829638081026619,0.013777804953594375,147
TLKM.JK,147,0.002658109675831799,0,102.4036,100.54936,100.32637500000001,0.008493433955766329,0.025915477154146327,148
TLKM.JK,148,0.002868143117719102,0,102.9586,101.17772,100.416835,0.008537179420965723,0.03728368220564815,149
TLKM.JK,149,-0.00955658792400993,0,102.9133,101.9088,100.55657,0.008158584408889136,0.027775308817052702,150
TLKM.JK,150,-0.016560868599088563,0,103.9559,102.67356,100.718265,0.008322077796373107,0.027878192223571352,151
TLKM.JK,151,-0.005286706665224905,0,102.6537,102.97702,100.80566999999999,0.008873584673178928,0.002442296950497802,152
TLKM.JK,152,-0.010963635053245269,0,102.6758,103.03146000000001,100.87804999999999,0.008858750007283532,-0.0027467350954656355,153
TLKM.JK,153,-0.028403769736542683,0,103.2539,103.09052,101.02092499999999,0.00867002576910018,0.003309581949077378,154
TLKM.JK,154,-0.01089573412289635,0,101.9298,102.89382,101.13279499999999,0.009038067324894187,-0.019489995276843364,155
TLKM.JK,155,-0.008714296473883998,0,102.2343,102.5495,101.30297500000002,0.0087590028788866,-0.004085580938631539,156
TLKM.JK,156,-0.01435496665393543,0,102.111,102.44096000000002,101.39691000000002,0.008295241164661082,-0.005500809343584323,157
TLKM.JK,157,-0.022189047573562215,0,101.5501,102.21582,101.52293,0.00789870121659615,-0.016501071630224184,158
TLKM.JK,158,-0.022203703906755523,0,100.3211,101.62926,101.56308999999999,0.008364644852354747,-0.015782430653253465,159
TLKM.JK,159,-0.020972195772233748,0,100.8192,101.40714,101.59477,0.008307690844024622,-0.013841734134238837,160
TLKM.JK,160,-0.03669997256851465,0,101.3434,101.22896,101.58730999999999,0.007872759098354032,-0.0075173095944609525,161
TLKM.JK,161,-0.01653432056372295,0,100.6452,100.93579999999999,101.5937,0.007728544294157736,-0.008910872564379502,162
TLKM.JK,162,-0.00866896012761742,0,99.2968,100.48514,101.57044499999998,0.008114739714712008,-0.010210214999636147,163
TLKM.JK,163,-0.010821297210011571,0,98.0936,100.03963999999999,101.48428499999999,0.008515859600668118,-0.027034533104805414,164
TLKM.JK,164,-0.023461878247055923,0,98.7048,99.61676,101.45662999999999,0.008574974477384171,-0.02603622929564231,165
TLKM.JK,165,-0.017069555570806805,0,97.6241,98.8729,101.33123,0.008613399003349276,-0.03001732819846359,166
TLKM.JK,166,-0.026866745267530856,0,98.9811,98.54007999999999,101.223465,0.00890283380532667,-0.0031793572401125347,167
TLKM.JK,167,-0.013835385428095481,0,98.436,98.36792,101.02508499999999,0.008381166146066587,0.0034905437255847716,168
TLKM.JK,168,-0.010727377847124742,0,97.0321,98.15562,100.72876,0.008611711275004754,-0.0169464909507947,169
TLKM.JK,169,-0.007369098133604313,0,96.389,97.69246000000001,100.40254499999999,0.008628093267925137,-0.012651589105558969,170
TLKM.JK,170,-0.009630285010999606,0,95.9577,97.35918000000001,100.00263499999998,0.008065942857128505,-0.030545225300587675,171
TLKM.JK,171,-0.02678625191804973,0,96.3218,96.82732,99.68603999999998,0.007983401789529224,-0.021477914584095315,172
TLKM.JK,172,-0.04233982081729326,0,97.0741,96.55494,99.40595499999999,0.008308299613085261,0.0004328464497831419,173
TLKM.JK,173,-0.03254777521272789,0,95.9912,96.34675999999999,99.04281999999999,0.008265386550395088,-0.004127026942908341,174
TLKM.JK,174,-0.026926578224829578,0,95.6787,96.20469999999999,98.730265,0.007990334047233014,-0.0029075311309044727,175
TLKM.JK,175,-0.021164093541652718,0,95.0336,96.01987999999999,98.37022999999999,0.007898898111550135,-0.013373919507318033,176
TLKM.JK,176,-0.0007168634663121676,0,93.7417,95.50386,97.951765,0.008166960022968184,-0.034328415097332976,177
TLKM.JK,177,0.02002710726732926,1,92.964,94.68184,97.52246,0.008211308445310097,-0.0315362241538808,178
TLKM.JK,178,0.008751234293381094,0,92.8669,94.05698,97.14975,0.00804283720329422,-0.029387941098698134,179
TLKM.JK,179,-0.0013297186753510326,0,93.1024,93.54172,96.76391,0.007926747831090366,-0.020321233753114676,180
TLKM.JK,180,0.001047060758549323,0,93.0223,93.13945999999999,96.347855,0.007683621995437044,-0.0076742794295387995,181
TLKM.JK,181,-0.002350693091502931,0,93.6745,93.12602,95.99932000000001,0.00803371266062256,0.0076427434275632145,182
TLKM.JK,182,-0.023063343520434265,0,94.8258,93.49838000000001,95.77577000000001,0.0084016774052295,0.021093629700140726,183
TLKM.JK,183,-0.004317909128561559,0,93.6796,93.66092,95.55507,0.00839993374026122,0.0061996253587446315,184
TLKM.JK,184,0.016904965228558,0,92.9786,93.63615999999999,95.26876,0.008236645466631037,-0.00046977982698770404,185
TLKM.JK,185,0.020767893367354073,1,93.1197,93.65563999999999,95.04354,0.00807790175782696,-0.005922636363151157,186
TLKM.JK,186,0.028121766467674503,1,93.4543,93.6116,94.7672,0.007319403834113569,-0.014463363346262303,187
TLKM.JK,187,0.03881311070523363,1,92.6388,93.1742,94.47734,0.007411062920604684,-0.011110209693465656,188
TLKM.JK,188,0.02504205302379736,1,93.2751,93.0933,94.28949,0.007234730337656071,0.003188905834245581,189
TLKM.JK,189,0.012352142349477235,0,94.5504,93.40766,94.19756000000001,0.007900161747683813,0.015364095889484286,190
TLKM.JK,190,-0.003492766186656837,0,95.0536,93.79444,94.152355,0.007968692792382404,0.01711317724278061,191
TLKM.JK,191,-0.012911834009142198,0,96.0824,94.32006,94.14038500000001,0.00829603747902505,0.03717232952067606,192
TLKM.JK,192,-0.003254553465288912,0,96.2344,95.03918,94.0984,0.008108410208998341,0.03172658083454216,193
TLKM.JK,193,0.00443673263194877,0,95.6109,95.50634,94.079385,0.007858503191706627,0.011216240227434282,194
TLKM.JK,194,-0.008421587094630811,0,95.7183,95.73992000000001,94.08136499999999,0.007830370145496287,0.00699289663936975,195
TLKM.JK,195,-0.004859504062431297,0,94.7216,95.67352000000001,94.065765,0.008027967547548625,-0.014162843559278437,196
TLKM.JK,196,-0.015506875660310171,0,94.8418,95.42540000000001,94.12077,0.007411674556901214,-0.01447091684470403,197
TLKM.JK,197,-0.01744556990529722,0,95.9212,95.36276000000001,94.26863,0.007469790230429579,0.0032454458644359807,198
TLKM.JK,198,-0.0053855309152591735,0,96.0351,95.4476,94.42704,0.00744616057168829,0.0033097119359621896,199
TLKM.JK,199,0.00615305513938158,0,94.9122,95.28638,94.51753,0.007992590153077107,0.0020122126315433864,200
TLKM.JK,200,0.024571059384922433,1,94.2613,95.19431999999999,94.57948000000002,0.008167183120149333,-0.006120718923512625,201
TLKM.JK,201,0.04184164050760897,1,93.3711,94.90018,94.56430999999999,0.008316932505606995,-0.02658536381946852,202
TLKM.JK,202,0.021536842239288534,1,94.2478,94.5655,94.53541000000001,0.008122107108120587,-0.018610903721660077,203
TLKM.JK,203,0.006734863308343275,0,95.5179,94.46206,94.62732500000001,0.008173554947969978,0.006381687496443966,204
TLKM.JK,204,0.00893648124218549,0,95.4962,94.57885999999999,94.75320500000001,0.007946613339899064,0.013100816559924233,205
TLKM.JK,205,0.005617256211080557,0,96.5774,95.04208,94.92609,0.008237776636814591,0.034339319125511025,206
TLKM.JK,206,0.011863948543296976,0,97.2779,95.82343999999999,95.11727,0.00831457587898804,0.03215035258117438,207
TLKM.JK,207,0.02143177644644223,1,96.2776,96.2294,95.29920999999999,0.00842160993025832,0.007953483064431,208
TLKM.JK,208,0.009232413904984638,0,96.1612,96.35806,95.443515,0.00837023128083508,0.006963627872103695,209
TLKM.JK,209,0.014088278519059694,0,96.3496,96.52874,95.533475,0.007898729024527826,-0.0023587298891873942,210
TLKM.JK,210,0.011810143956079155,0,97.1199,96.63723999999999,95.63678999999999,0.007993207642691787,-0.0016242126937362489,211
TLKM.JK,211,-3.250975292590219e-05,0,98.432,96.86806000000001,95.75426999999999,0.008175853105411857,0.022376959957456366,212
TLKM.JK,212,-0.010841866566335456,0,98.341,97.28074000000001,95.85959999999999,0.008188882865776338,0.022668186337108986,213
TLKM.JK,213,0.015584910715205513,0,97.049,97.45830000000001,95.93150499999999,0.008615222591784311,0.007258981874341153,214
TLKM.JK,214,0.005593253298126211,0,97.707,97.72978,96.03093999999999,0.00871401429398388,0.0060451050711543,215
TLKM.JK,215,0.006497610080301586,0,98.2669,97.95918,96.20820499999999,0.00835350652719194,-0.001677300065019427,216
TLKM.JK,216,0.010319134237134042,0,98.4288,97.95854,96.38755499999999,0.008352543358040934,0.0008928117468807173,217
TLKM.JK,217,0.016680579142799523,0,97.2748,97.7453,96.45523499999999,0.008555704301916274,0.0023266597285906965,218
TLKM.JK,218,0.0036525418139943255,0,98.5615,98.04780000000001,96.581555,0.008979282437728421,0.008745535120308734,219
TLKM.JK,219,0.003427867709547172,0,98.2535,98.15710000000001,96.74861999999999,0.008541005749958539,-0.00013636331257016465,220
TLKM.JK,220,0.0036711847886972127,0,98.9054,98.28479999999999,96.980825,0.00836407733472624,0.004842078741181588,221
TLKM.JK,221,-0.0026507247761314856,0,99.4445,98.48794,97.28449500000002,0.007924088184632196,0.02230485182184916,222
TLKM.JK,222,-0.011113537868538526,0,98.8974,98.81246,97.51697500000002,0.008005514889326769,0.003408024431446499,223
TLKM.JK,223,-0.018931172697542964,0,98.9215,98.88446,97.68715499999999,0.007602989038570313,0.006798739993995051,224
TLKM.JK,224,-0.025569452572920426,0,98.5903,98.95182,97.84186,0.007674299183949355,-0.0031858725610532934,225
TLKM.JK,225,-0.04658879705042396,0,99.2685,99.02444,97.976415,0.00745145889800122,-0.0017698314135020654,226
TLKM.JK,226,-0.05716624874345766,0,99.1809,98.97172,98.07156499999999,0.007342245891263505,0.0028666072111096508,227
TLKM.JK,227,-0.03506400418003175,0,97.7983,98.7519,98.1476,0.00765956682009782,-0.011354457827671416,228
TLKM.JK,228,-0.038992754160793286,0,97.0488,98.37736,98.19197999999999,0.00787104115967939,-0.01563541240872579,229
TLKM.JK,229,-0.032031010915026026,0,96.0694,97.87318,98.17797,0.008190339581802207,-0.03222673859280634,230
TLKM.JK,230,-0.027193569144063456,0,94.6437,96.94821999999999,98.05416,0.008563765010297573,-0.04574671131235952,231
TLKM.JK,231,-0.0007763784192463818,0,93.5111,95.81426,97.808115,0.008158145774018539,-0.04383716281366856,232
TLKM.JK,232,-0.022086678796343295,0,94.3691,95.12841999999999,97.60952,0.00854516646151149,-0.027611881857374843,233
TLKM.JK,233,0.004140906624807261,0,93.2646,94.37158,97.4203,0.008457168267744173,-0.029195560709237234,234
TLKM.JK,234,0.0047057710216555915,0,92.9922,93.75614,97.18456,0.008217292476176865,-0.017449655920045326,235
TLKM.JK,235,0.0018692299337461638,0,92.07,93.24140000000001,96.874715,0.008147117567582957,-0.015411004682866603,236
TLKM.JK,236,-0.0185897676011495,0,93.4385,93.22688000000001,96.62519999999998,0.009005723046150407,-0.009861278744843327,237
TLKM.JK,237,0.0034523561843335937,0,92.2848,92.81002000000001,96.3757,0.009038391172152516,-0.010505593762263454,238
TLKM.JK,238,-0.01809381233262297,0,93.6508,92.88726,96.13016499999999,0.009181534678487443,0.007082314430672865,239
TLKM.JK,239,-0.007483693639502631,0,93.4298,92.97478,95.88897999999999,0.009180486573407042,0.0147691973498425,240
TLKM.JK,240,0.004365685516700246,0,92.2421,93.00919999999999,95.55581499999998,0.00918925576760505,-0.01280414390213891,241
TLKM.JK,241,0.025017038979733064,1,91.7015,92.6618,95.16866499999998,0.008970193823144266,-0.006320650854745424,242
TLKM.JK,242,0.02053920266426501,1,92.6034,92.72552,94.85396499999999,0.009452054676331034,-0.011184100936671215,243
TLKM.JK,243,0.02783496073678471,1,91.9563,92.38662000000001,94.50570499999999,0.009450275124589213,-0.015771199338968978,244
TLKM.JK,244,0.030059117486568754,1,92.7306,92.24678,94.21272,0.009807240146360943,0.005295846473573285,245
TLKM.JK,245,0.01788227725679148,0,92.6448,92.32731999999999,93.88153500000001,0.00955806743877546,0.01028663653266304,246
TLKM.JK,246,-0.0057438858840200835,0,93.9956,92.78614,93.62227,0.010325144262683097,0.015034005230909475,247
TLKM.JK,247,-0.024591187381885038,0,94.5054,93.16653999999998,93.45762500000001,0.010124942966177445,0.027720776064282582,248
TLKM.JK,248,-0.02392824910940916,0,94.5159,93.67846,93.33098,0.010035827421833779,0.019252544467522226,249
TLKM.JK,249,-0.037693419041437304,0,95.518,94.23594,93.30341000000001,0.01013932965089443,0.031013073588587847,250
TLKM.JK,250,-0.03949672062480458,0,94.3015,94.56728000000001,93.28630000000001,0.009997149188621806,0.003254407653124236,251
TLKM.JK,251,-0.04428087318376506,0,93.4557,94.45930000000001,93.28353000000001,0.009839799183968196,-0.01110730180497621,252
TLKM.JK,252,-0.027232174820516986,0,92.1814,93.9945,93.174145,0.010032461465884036,-0.024699547906754327,253
TLKM.JK,253,-0.021313911655066575,0,92.2543,93.54218,93.12363,0.009738773254760183,-0.03416842898720662,254
TLKM.JK,254,-0.010735702411725168,0,91.9176,92.8221,93.06989999999999,0.00974913451717707,-0.02527955546836491,255
TLKM.JK,255,0.00849995970274997,0,90.5769,92.07718,92.995245,0.010023080186849286,-0.030803899601629436,256
TLKM.JK,256,0.027057437856453426,1,89.3174,91.24952,92.78918999999999,0.00973693731348901,-0.031069174475544803,257
TLKM.JK,257,0.009267199800158554,0,89.6711,90.74746,92.65850499999999,0.009534202625700669,-0.02800086283240999,258
TLKM.JK,258,0.014902312599681,0,90.288,90.35419999999999,92.490365,0.009003017258918587,-0.017728922426172966,259
TLKM.JK,259,0.012264271292015572,0,90.9308,90.15683999999999,92.36541500000001,0.009207536058025614,0.003907177216265989,260
TLKM.JK,260,0.0074211685576286435,0,91.3468,90.31082,92.32065000000001,0.008903173809877506,0.02272121669461935,261
TLKM.JK,261,0.011167057833455507,0,91.7341,90.79416,92.32228,0.008868216757517644,0.023006297458155522,262
TLKM.JK,262,0.019104529066176434,0,90.5021,90.96036000000001,92.21721499999998,0.009033658218033735,0.0023713007265639963,263
TLKM.JK,263,0.020955218342636694,1,91.6335,91.22945999999999,92.20107499999997,0.009390728672949959,0.007727854588324146,264
TLKM.JK,264,0.006705342980683593,0,92.046,91.4525,92.166845,0.009250079541820957,0.0076543458555746735,265
TLKM.JK,265,0.018673247508549373,0,92.0247,91.58807999999999,92.13584,0.009249073899206957,0.0031678514314741335,266
TLKM.JK,266,0.025566390142143236,1,92.7585,91.79296,92.07398499999998,0.008820007451125558,0.024932018152064916,267
TLKM.JK,267,0.02411117291239062,1,92.2311,92.13876,91.96027,0.008771387047176383,0.006521632372440189,268
TLKM.JK,268,0.0018663077996914357,0,93.5537,92.52279999999999,91.91216,0.009401565934111537,0.01637985355148519,269
TLKM.JK,269,0.026658910980842387,1,92.6632,92.64624,91.76942,0.009238333539187578,0.006938354593929663,270
TLKM.JK,270,0.02898453326164807,1,93.7431,92.98992000000001,91.74149999999999,0.009280823664970754,0.010614660651045549,271
TLKM.JK,271,0.02434878587196465,1,95.13,93.46422,91.82521499999999,0.009604522594652406,0.031430829730969334,272
TLKM.JK,272,0.04470916807915737,1,94.4549,93.90898000000001,91.93888999999999,0.009206027669899485,0.009632970155108556,273
TLKM.JK,273,0.04898093745432264,1,93.7283,93.9439,92.01259,0.009411088358115998,0.01149431489523356,274
TLKM.JK,274,0.02613380144743971,1,95.1335,94.43796,92.17338500000001,0.00983420040634667,0.01483202497037106,275
TLKM.JK,275,0.014284647968799469,0,96.4602,94.98137999999999,92.46754999999999,0.009418864493768442,0.013982970671712502,276
TLKM.JK,276,0.002764599579460736,0,97.4463,95.44463999999999,92.87399500000001,0.008666373341261026,0.0316701409879212,277
TLKM.JK,277,-0.006263813883351732,0,98.6779,96.28923999999999,93.32433499999999,0.008848725004125988,0.052807956615024354,278
TLKM.JK,278,-0.009141652901976327,0,98.3192,97.20742,93.72589500000001,0.009022354726859746,0.03348662668775981,279
TLKM.JK,279,0.004889381958764538,0,97.6197,97.70465999999999,94.06034,0.009328903709182873,0.012020501719880228,280
TLKM.JK,280,-0.007416333718663792,0,97.8381,97.98024,94.38490499999997,0.009330585579974444,0.004020676003090973,281
TLKM.JK,281,0.007761291174294582,0,97.7157,98.03412,94.68398499999998,0.009384868512650142,-0.009750916871964166,282
TLKM.JK,282,0.015387549230163833,0,98.0598,97.9105,95.06187,0.008574499641963306,-0.00263834530793583,283
TLKM.JK,283,0.02101921158196851,1,97.4204,97.73074,95.351215,0.008639579125335545,-0.002041596112260069,284
TLKM.JK,284,0.011405037870679147,0,98.097,97.8262,95.65376499999999,0.00867568435785916,0.00264620837894447,285
TLKM.JK,285,0.022676792379971777,1,97.1125,97.68108,95.908155,0.009122691826090107,-0.0061730100690062795,286
TLKM.JK,286,-0.001815705855651495,0,98.4741,97.83276000000001,96.19393499999998,0.00938764192289593,0.004224972924684822,287
TLKM.JK,287,-0.01727550927148791,0,99.5687,98.13454000000002,96.56081499999999,0.00932089721384464,0.022051849509958865,288
TLKM.JK,288,-0.007479784976288872,0,99.4681,98.54408,96.85653499999998,0.009056068854502603,0.01397698196682895,289
TLKM.JK,289,-0.016265554478218203,0,99.2158,98.76784,97.184165,0.008689655588491668,0.021658385892650234,290
TLKM.JK,290,-0.028263691074936537,0,99.3147,99.20828,97.46274499999998,0.008495421307584891,0.008536254710629354,291
TLKM.JK,291,-0.02212415039172777,0,98.2953,99.17252,97.62100999999998,0.008500620034881834,-0.012789159645551385,292
TLKM.JK,292,-0.011669047896444185,0,97.8486,98.8285,97.79069499999999,0.008386391427099274,-0.01628160184018801,293
TLKM.JK,293,-0.03485673710877091,0,98.7241,98.6797,98.04048499999999,0.008227127653626745,-0.004955863884582801,294
TLKM.JK,294,-0.02598512325567104,0,97.602,98.35694000000001,98.16391,0.008252955534309546,-0.017245181226948292,295
